{"stats":{"minecraft:picked_up":{"minecraft:ender_chest":1,"minecraft:diamond_sword":3,"minecraft:smithing_table":1,"minecraft:enchanted_book":2,"minecraft:gilded_blackstone":6,"minecraft:crimson_planks":3,"minecraft:brewing_stand":1,"minecraft:golden_sword":1,"minecraft:string":13,"minecraft:soul_soil":53,"minecraft:raw_copper":8,"minecraft:iron_leggings":2,"minecraft:netherite_ingot":1,"minecraft:diamond_leggings":3,"minecraft:gold_nugget":83,"minecraft:cobbled_deepslate":196,"minecraft:spruce_planks":26,"minecraft:rose_bush":1,"minecraft:iron_pickaxe":1,"minecraft:iron_boots":2,"minecraft:furnace":2,"minecraft:stick":286,"minecraft:composter":11,"minecraft:oak_fence":8,"minecraft:torch":37,"minecraft:porkchop":59,"minecraft:diorite":21,"minecraft:warped_planks":20,"minecraft:rotten_flesh":23,"minecraft:blaze_rod":13,"minecraft:obsidian":40,"minecraft:cobblestone":373,"minecraft:cooked_beef":64,"minecraft:andesite":11,"minecraft:flint":5,"minecraft:lapis_lazuli":85,"minecraft:dirt":390,"minecraft:bone":34,"minecraft:bow":4,"minecraft:wheat_seeds":22,"minecraft:bell":1,"minecraft:grindstone":2,"minecraft:diamond_helmet":1,"minecraft:fletching_table":8,"minecraft:stone_hoe":1,"minecraft:chiseled_polished_blackstone":1,"minecraft:cooked_porkchop":13,"minecraft:poisonous_potato":1,"minecraft:sand":26,"minecraft:dark_oak_log":128,"minecraft:mossy_cobblestone":32,"minecraft:diamond":56,"minecraft:cracked_polished_blackstone_bricks":5,"minecraft:crossbow":6,"minecraft:granite":12,"minecraft:bread":86,"minecraft:emerald":45,"minecraft:oak_sapling":1,"minecraft:netherrack":524,"minecraft:diamond_pickaxe":3,"minecraft:crimson_roots":3,"minecraft:spruce_leaves":2,"minecraft:crafting_table":10,"minecraft:azure_bluet":2,"minecraft:nether_wart":40,"minecraft:gold_block":31,"minecraft:iron_axe":2,"minecraft:blackstone":43,"minecraft:glass_pane":2,"minecraft:beef":145,"minecraft:iron_nugget":13,"minecraft:poppy":9,"minecraft:light_gray_wool":1,"minecraft:lectern":128,"minecraft:sugar_cane":127,"minecraft:spruce_trapdoor":5,"minecraft:egg":12,"minecraft:dark_oak_sapling":9,"minecraft:raw_iron":1,"minecraft:stone":2,"minecraft:oak_door":4,"minecraft:polished_blackstone_bricks":10,"minecraft:redstone":1,"minecraft:dark_oak_planks":7,"minecraft:arrow":23,"minecraft:diamond_chestplate":1,"minecraft:peony":1,"minecraft:nether_bricks":1,"minecraft:diamond_boots":4,"minecraft:hay_block":111,"minecraft:saddle":1,"minecraft:gold_ingot":2,"minecraft:mutton":49,"minecraft:white_wool":32,"minecraft:bone_block":189,"minecraft:oxeye_daisy":2,"minecraft:basalt":10,"minecraft:crimson_stem":57,"minecraft:leather":62,"minecraft:oak_log":17,"minecraft:yellow_bed":10,"minecraft:gunpowder":7,"minecraft:cobblestone_stairs":8,"minecraft:white_banner":4,"minecraft:cooked_mutton":11,"minecraft:apple":3,"minecraft:warped_stem":6,"minecraft:iron_ingot":41,"minecraft:soul_sand":54,"minecraft:warped_fungus":4,"minecraft:dark_oak_slab":1,"minecraft:emerald_block":16,"minecraft:quartz":49,"minecraft:dandelion":7,"minecraft:gravel":32,"minecraft:spruce_sapling":238,"minecraft:blast_furnace":1,"minecraft:white_bed":10,"minecraft:spruce_log":3428,"minecraft:spider_eye":1,"minecraft:diamond_shovel":4,"minecraft:stone_axe":1,"minecraft:iron_helmet":2,"minecraft:diamond_axe":2,"minecraft:warped_roots":1,"minecraft:warped_nylium":1,"minecraft:black_wool":1,"minecraft:coal":24,"minecraft:ender_pearl":9},"minecraft:custom":{"minecraft:interact_with_crafting_table":73,"minecraft:bell_ring":6,"minecraft:leave_game":12,"minecraft:time_since_death":615386,"minecraft:sprint_one_cm":1870332,"minecraft:damage_blocked_by_shield":490,"minecraft:drop":203,"minecraft:talked_to_villager":388,"minecraft:play_time":615386,"minecraft:jump":15224,"minecraft:walk_on_water_one_cm":42658,"minecraft:enchant_item":38,"minecraft:interact_with_furnace":52,"minecraft:traded_with_villager":745,"minecraft:sleep_in_bed":23,"minecraft:open_enderchest":1,"minecraft:damage_dealt":62284,"minecraft:player_kills":1,"minecraft:crouch_one_cm":198534,"minecraft:horse_one_cm":161216,"minecraft:mob_kills":323,"minecraft:interact_with_anvil":14,"minecraft:climb_one_cm":639,"minecraft:walk_one_cm":522808,"minecraft:raid_win":1,"minecraft:sneak_time":105143,"minecraft:walk_under_water_one_cm":8692,"minecraft:total_world_time":615386,"minecraft:raid_trigger":1,"minecraft:interact_with_grindstone":26,"minecraft:time_since_rest":64156,"minecraft:damage_taken":4341,"minecraft:swim_one_cm":73275,"minecraft:fly_one_cm":3351347,"minecraft:open_chest":425,"minecraft:fall_one_cm":473255},"minecraft:mined":{"minecraft:dark_oak_planks":6,"minecraft:spruce_planks":25,"minecraft:white_bed":12,"minecraft:cobblestone_stairs":8,"minecraft:brewing_stand":1,"minecraft:obsidian":18,"minecraft:spruce_trapdoor":5,"minecraft:granite":14,"minecraft:chiseled_polished_blackstone":1,"minecraft:grass_block":157,"minecraft:cracked_polished_blackstone_bricks":4,"minecraft:soul_soil":41,"minecraft:composter":11,"minecraft:nether_wart":27,"minecraft:weeping_vines_plant":1,"minecraft:polished_blackstone_bricks":8,"minecraft:iron_ore":1,"minecraft:cobbled_deepslate":5,"minecraft:fire":67,"minecraft:fletching_table":8,"minecraft:azure_bluet":1,"minecraft:dirt_path":32,"minecraft:blackstone":43,"minecraft:crimson_nylium":7,"minecraft:soul_fire":16,"minecraft:torch":8,"minecraft:blast_furnace":1,"minecraft:nether_quartz_ore":45,"minecraft:cobblestone":315,"minecraft:grindstone":2,"minecraft:sugar_cane":71,"minecraft:wall_torch":9,"minecraft:seagrass":2,"minecraft:dark_oak_slab":1,"minecraft:warped_fungus":3,"minecraft:grass":88,"minecraft:oak_log":17,"minecraft:sand":28,"minecraft:dirt":200,"minecraft:crimson_planks":3,"minecraft:netherrack":398,"minecraft:oak_leaves":9,"minecraft:deepslate":191,"minecraft:nether_gold_ore":12,"minecraft:mossy_cobblestone":32,"minecraft:deepslate_diamond_ore":56,"minecraft:dark_oak_log":128,"minecraft:nether_bricks":2,"minecraft:crimson_roots":2,"minecraft:spruce_leaves":52,"minecraft:crimson_stem":59,"minecraft:hay_block":111,"minecraft:spruce_sapling":2,"minecraft:furnace":2,"minecraft:dark_oak_fence_gate":2,"minecraft:andesite":15,"minecraft:peony":1,"minecraft:gold_block":30,"minecraft:warped_stem":6,"minecraft:stone":76,"minecraft:bone_block":168,"minecraft:ender_chest":1,"minecraft:podzol":7,"minecraft:smithing_table":1,"minecraft:glass_pane":3,"minecraft:soul_sand":39,"minecraft:basalt":10,"minecraft:dandelion":5,"minecraft:oak_fence":8,"minecraft:crafting_table":10,"minecraft:rose_bush":1,"minecraft:lectern":128,"minecraft:tall_grass":16,"minecraft:copper_ore":2,"minecraft:lapis_ore":14,"minecraft:diorite":21,"minecraft:spruce_log":3419,"minecraft:birch_leaves":1,"minecraft:yellow_bed":10,"minecraft:coal_ore":22,"minecraft:gravel":29},"minecraft:crafted":{"minecraft:ender_chest":1,"minecraft:grindstone":1,"minecraft:oak_planks":68,"minecraft:oak_sign":3,"minecraft:blaze_powder":2,"minecraft:stone":30,"minecraft:cobblestone_stairs":28,"minecraft:diamond_shovel":1,"minecraft:bookshelf":16,"minecraft:warped_planks":24,"minecraft:glass":69,"minecraft:diamond_helmet":1,"minecraft:bow":1,"minecraft:diamond_leggings":1,"minecraft:tipped_arrow":5,"minecraft:chest":5,"minecraft:stone_hoe":1,"minecraft:ender_eye":1,"minecraft:arrow":192,"minecraft:emerald":983,"minecraft:diamond_axe":3,"minecraft:crafting_table":8,"minecraft:spruce_planks":10692,"minecraft:wooden_pickaxe":1,"minecraft:baked_potato":42,"minecraft:spruce_trapdoor":4,"minecraft:lectern":1,"minecraft:iron_chestplate":1,"minecraft:book":62,"minecraft:paper":237,"minecraft:diamond_pickaxe":3,"minecraft:emerald_block":38,"minecraft:shield":3,"minecraft:stick":21968,"minecraft:stone_slab":6,"minecraft:iron_ingot":1,"minecraft:iron_pickaxe":1,"minecraft:iron_block":3,"minecraft:dark_oak_fence_gate":4,"minecraft:stone_shovel":1,"minecraft:iron_nugget":2,"minecraft:experience_bottle":36,"minecraft:bone_meal":84,"minecraft:glass_pane":48,"minecraft:flint_and_steel":1,"minecraft:iron_axe":1,"minecraft:spruce_slab":12,"minecraft:ender_pearl":21,"minecraft:stone_pickaxe":1,"minecraft:diamond_boots":1,"minecraft:dark_oak_planks":508,"minecraft:wheat":288,"minecraft:cooked_beef":37,"minecraft:crimson_planks":228,"minecraft:diamond_sword":2,"minecraft:dark_oak_stairs":36,"minecraft:enchanting_table":1,"minecraft:iron_sword":1,"minecraft:bucket":2,"minecraft:stone_axe":3,"minecraft:enchanted_book":8,"minecraft:bread":96,"minecraft:air":0,"minecraft:chainmail_boots":12,"minecraft:anvil":1,"minecraft:white_bed":8,"minecraft:lapis_lazuli":270,"minecraft:lapis_block":21,"minecraft:diamond_chestplate":2},"minecraft:killed":{"minecraft:spider":5,"minecraft:skeleton":20,"minecraft:piglin_brute":9,"minecraft:magma_cube":2,"minecraft:piglin":31,"minecraft:pig":32,"minecraft:zombie_villager":1,"minecraft:iron_golem":9,"minecraft:creeper":7,"minecraft:sheep":33,"minecraft:pillager":51,"minecraft:zombie":18,"minecraft:ghast":1,"minecraft:blaze":10,"minecraft:cow":62,"minecraft:vindicator":1,"minecraft:horse":4,"minecraft:ravager":1,"minecraft:hoglin":1,"minecraft:wither_skeleton":4,"minecraft:enderman":6},"minecraft:used":{"minecraft:spruce_slab":2,"minecraft:oak_sign":1,"minecraft:chest":3,"minecraft:shield":24,"minecraft:iron_sword":68,"minecraft:bell":1,"minecraft:iron_chestplate":1,"minecraft:spruce_leaves":1,"minecraft:soul_sand":40,"minecraft:nether_bricks":1,"minecraft:milk_bucket":2,"minecraft:obsidian":14,"minecraft:glass":48,"minecraft:lava_bucket":26,"minecraft:dark_oak_slab":1,"minecraft:bow":39,"minecraft:hay_block":15,"minecraft:furnace":2,"minecraft:egg":5,"minecraft:dark_oak_sapling":8,"minecraft:dark_oak_stairs":2,"minecraft:diorite":8,"minecraft:stone_pickaxe":26,"minecraft:blackstone":43,"minecraft:ender_pearl":3,"minecraft:wooden_pickaxe":5,"minecraft:composter":8,"minecraft:sugar_cane":49,"minecraft:diamond_axe":3784,"minecraft:sand":1,"minecraft:crossbow":6,"minecraft:dark_oak_log":1,"minecraft:bread":132,"minecraft:lectern":128,"minecraft:gravel":6,"minecraft:diamond_sword":590,"minecraft:grindstone":2,"minecraft:andesite":10,"minecraft:bone_meal":65,"minecraft:experience_bottle":34,"minecraft:oak_fence":8,"minecraft:enchanting_table":1,"minecraft:flint_and_steel":1,"minecraft:stone_shovel":112,"minecraft:spruce_planks":103,"minecraft:ender_chest":1,"minecraft:stone_hoe":111,"minecraft:netherrack":224,"minecraft:torch":26,"minecraft:dirt":273,"minecraft:anvil":1,"minecraft:salmon_bucket":1,"minecraft:granite":4,"minecraft:dark_oak_planks":173,"minecraft:bookshelf":15,"minecraft:iron_axe":7,"minecraft:crimson_planks":222,"minecraft:diamond_chestplate":2,"minecraft:basalt":9,"minecraft:soul_soil":37,"minecraft:goat_horn":9,"minecraft:cooked_beef":15,"minecraft:cobbled_deepslate":75,"minecraft:cooked_mutton":5,"minecraft:water_bucket":20,"minecraft:fletching_table":8,"minecraft:polished_blackstone_bricks":7,"minecraft:crafting_table":13,"minecraft:white_bed":9,"minecraft:dark_oak_fence_gate":4,"minecraft:spruce_log":85,"minecraft:diamond_pickaxe":1460,"minecraft:diamond_shovel":382,"minecraft:cracked_polished_blackstone_bricks":4,"minecraft:iron_pickaxe":43,"minecraft:spruce_trapdoor":6,"minecraft:spruce_sapling":74,"minecraft:stone_axe":222,"minecraft:cobblestone":226,"minecraft:cooked_porkchop":4,"minecraft:bucket":49,"minecraft:glass_pane":45,"minecraft:yellow_bed":10,"minecraft:diamond_leggings":1},"minecraft:dropped":{"minecraft:soul_sand":12,"minecraft:diamond_axe":3,"minecraft:lapis_lazuli":6,"minecraft:diamond":15,"minecraft:crossbow":2,"minecraft:warped_roots":1,"minecraft:flint":3,"minecraft:spruce_leaves":1,"minecraft:cracked_polished_blackstone_bricks":1,"minecraft:dirt":4,"minecraft:crimson_roots":2,"minecraft:gilded_blackstone":6,"minecraft:gold_nugget":68,"minecraft:bone_block":8,"minecraft:polished_blackstone_bricks":3,"minecraft:iron_pickaxe":1,"minecraft:white_wool":1,"minecraft:bone":13,"minecraft:gravel":4,"minecraft:stone_axe":1,"minecraft:iron_nugget":13,"minecraft:obsidian":12,"minecraft:rotten_flesh":15,"minecraft:diamond_shovel":3,"minecraft:azure_bluet":2,"minecraft:white_bed":7,"minecraft:warped_planks":20,"minecraft:poppy":3,"minecraft:gunpowder":1,"minecraft:chainmail_boots":12,"minecraft:basalt":1,"minecraft:arrow":6,"minecraft:beef":11,"minecraft:glass":1,"minecraft:netherrack":281,"minecraft:egg":1,"minecraft:enchanted_book":2,"minecraft:iron_ingot":7,"minecraft:bread":76,"minecraft:wheat_seeds":21,"minecraft:golden_helmet":1,"minecraft:diamond_leggings":2,"minecraft:poisonous_potato":1,"minecraft:iron_helmet":18,"minecraft:cobblestone":1,"minecraft:coal":2,"minecraft:stick":202,"minecraft:oxeye_daisy":2,"minecraft:ink_sac":1,"minecraft:diamond_helmet":1,"minecraft:iron_leggings":9,"minecraft:white_banner":4,"minecraft:iron_axe":1,"minecraft:string":12,"minecraft:tripwire_hook":1,"minecraft:spruce_sapling":83,"minecraft:dandelion":7,"minecraft:soul_soil":12,"minecraft:warped_nylium":1,"minecraft:stone_shovel":1,"minecraft:light_gray_wool":1,"minecraft:iron_boots":4,"minecraft:oak_sign":2,"minecraft:diamond_sword":2,"minecraft:shield":1,"minecraft:spruce_trapdoor":4,"minecraft:spruce_planks":6,"minecraft:diamond_pickaxe":2,"minecraft:iron_chestplate":2,"minecraft:oak_sapling":1,"minecraft:golden_sword":1,"minecraft:spider_eye":1,"minecraft:spruce_log":1,"minecraft:diamond_boots":3,"minecraft:bow":2,"minecraft:black_wool":1},"minecraft:broken":{"minecraft:stone_axe":2}},"DataVersion":3465}