{"stats":{"minecraft:picked_up":{"minecraft:spruce_leaves":2,"minecraft:crafting_table":8,"minecraft:azure_bluet":2,"minecraft:smithing_table":1,"minecraft:crimson_planks":1,"minecraft:brewing_stand":1,"minecraft:string":1,"minecraft:raw_copper":8,"minecraft:iron_leggings":2,"minecraft:glass_pane":2,"minecraft:gold_nugget":22,"minecraft:cobbled_deepslate":196,"minecraft:spruce_planks":25,"minecraft:beef":114,"minecraft:rose_bush":1,"minecraft:poppy":9,"minecraft:light_gray_wool":1,"minecraft:lectern":128,"minecraft:sugar_cane":127,"minecraft:furnace":2,"minecraft:spruce_trapdoor":5,"minecraft:iron_boots":2,"minecraft:egg":11,"minecraft:dark_oak_sapling":9,"minecraft:stick":106,"minecraft:raw_iron":1,"minecraft:stone":2,"minecraft:oak_door":4,"minecraft:composter":11,"minecraft:torch":37,"minecraft:porkchop":59,"minecraft:diorite":21,"minecraft:dark_oak_planks":7,"minecraft:arrow":19,"minecraft:rotten_flesh":12,"minecraft:peony":1,"minecraft:hay_block":111,"minecraft:obsidian":18,"minecraft:mutton":49,"minecraft:bone_block":185,"minecraft:white_wool":32,"minecraft:cobblestone":370,"minecraft:oxeye_daisy":2,"minecraft:cooked_beef":64,"minecraft:basalt":9,"minecraft:crimson_stem":22,"minecraft:andesite":11,"minecraft:leather":53,"minecraft:flint":1,"minecraft:oak_log":12,"minecraft:yellow_bed":10,"minecraft:gunpowder":5,"minecraft:cobblestone_stairs":8,"minecraft:lapis_lazuli":85,"minecraft:dirt":385,"minecraft:white_banner":3,"minecraft:cooked_mutton":11,"minecraft:bone":21,"minecraft:apple":3,"minecraft:bow":1,"minecraft:wheat_seeds":19,"minecraft:bell":1,"minecraft:iron_ingot":37,"minecraft:grindstone":2,"minecraft:fletching_table":8,"minecraft:stone_hoe":1,"minecraft:dark_oak_slab":1,"minecraft:cooked_porkchop":13,"minecraft:dandelion":7,"minecraft:gravel":28,"minecraft:sand":26,"minecraft:spruce_sapling":160,"minecraft:blast_furnace":1,"minecraft:white_bed":10,"minecraft:spruce_log":2983,"minecraft:dark_oak_log":128,"minecraft:spider_eye":1,"minecraft:mossy_cobblestone":32,"minecraft:diamond":56,"minecraft:iron_helmet":2,"minecraft:crossbow":6,"minecraft:granite":12,"minecraft:oak_sapling":1,"minecraft:netherrack":14,"minecraft:black_wool":1,"minecraft:coal":22,"minecraft:crimson_roots":1},"minecraft:mined":{"minecraft:dark_oak_planks":6,"minecraft:spruce_planks":25,"minecraft:white_bed":11,"minecraft:mossy_cobblestone":32,"minecraft:deepslate_diamond_ore":56,"minecraft:cobblestone_stairs":8,"minecraft:dark_oak_log":128,"minecraft:brewing_stand":1,"minecraft:obsidian":18,"minecraft:spruce_trapdoor":5,"minecraft:granite":14,"minecraft:grass_block":157,"minecraft:spruce_leaves":52,"minecraft:composter":11,"minecraft:crimson_stem":22,"minecraft:hay_block":111,"minecraft:spruce_sapling":1,"minecraft:furnace":2,"minecraft:iron_ore":1,"minecraft:fire":38,"minecraft:cobbled_deepslate":5,"minecraft:andesite":15,"minecraft:fletching_table":8,"minecraft:peony":1,"minecraft:azure_bluet":1,"minecraft:dirt_path":32,"minecraft:stone":76,"minecraft:bone_block":168,"minecraft:smithing_table":1,"minecraft:podzol":5,"minecraft:glass_pane":3,"minecraft:crimson_nylium":7,"minecraft:soul_fire":10,"minecraft:basalt":9,"minecraft:dandelion":5,"minecraft:crafting_table":8,"minecraft:torch":8,"minecraft:blast_furnace":1,"minecraft:rose_bush":1,"minecraft:lectern":128,"minecraft:copper_ore":2,"minecraft:tall_grass":11,"minecraft:cobblestone":315,"minecraft:lapis_ore":14,"minecraft:grindstone":2,"minecraft:sugar_cane":71,"minecraft:diorite":21,"minecraft:wall_torch":9,"minecraft:seagrass":1,"minecraft:dark_oak_slab":1,"minecraft:spruce_log":2987,"minecraft:birch_leaves":1,"minecraft:yellow_bed":10,"minecraft:grass":73,"minecraft:coal_ore":22,"minecraft:oak_log":12,"minecraft:gravel":29,"minecraft:sand":28,"minecraft:dirt":199,"minecraft:crimson_planks":1,"minecraft:netherrack":7,"minecraft:oak_leaves":9,"minecraft:deepslate":191},"minecraft:crafted":{"minecraft:grindstone":1,"minecraft:oak_planks":48,"minecraft:stone_shovel":1,"minecraft:oak_sign":3,"minecraft:iron_nugget":2,"minecraft:cobblestone_stairs":28,"minecraft:stone":1,"minecraft:bone_meal":84,"minecraft:diamond_shovel":1,"minecraft:bookshelf":16,"minecraft:flint_and_steel":1,"minecraft:glass_pane":48,"minecraft:glass":69,"minecraft:diamond_helmet":1,"minecraft:diamond_leggings":1,"minecraft:bow":1,"minecraft:iron_axe":1,"minecraft:spruce_slab":12,"minecraft:stone_pickaxe":1,"minecraft:tipped_arrow":5,"minecraft:chest":4,"minecraft:diamond_boots":1,"minecraft:dark_oak_planks":508,"minecraft:stone_hoe":1,"minecraft:wheat":288,"minecraft:cooked_beef":37,"minecraft:crimson_planks":88,"minecraft:diamond_sword":1,"minecraft:arrow":192,"minecraft:emerald":566,"minecraft:dark_oak_stairs":36,"minecraft:diamond_axe":3,"minecraft:crafting_table":6,"minecraft:enchanting_table":1,"minecraft:spruce_planks":9176,"minecraft:wooden_pickaxe":1,"minecraft:iron_sword":1,"minecraft:bucket":2,"minecraft:stone_axe":3,"minecraft:enchanted_book":2,"minecraft:bread":96,"minecraft:air":0,"minecraft:spruce_trapdoor":4,"minecraft:lectern":1,"minecraft:book":51,"minecraft:iron_chestplate":1,"minecraft:paper":237,"minecraft:diamond_pickaxe":3,"minecraft:emerald_block":31,"minecraft:shield":1,"minecraft:stick":18216,"minecraft:stone_slab":6,"minecraft:iron_ingot":1,"minecraft:chainmail_boots":12,"minecraft:iron_pickaxe":1,"minecraft:iron_block":3,"minecraft:anvil":1,"minecraft:white_bed":1,"minecraft:dark_oak_fence_gate":4,"minecraft:lapis_block":21,"minecraft:lapis_lazuli":252,"minecraft:diamond_chestplate":2},"minecraft:custom":{"minecraft:interact_with_anvil":3,"minecraft:mob_kills":229,"minecraft:interact_with_crafting_table":58,"minecraft:leave_game":11,"minecraft:time_since_death":477180,"minecraft:climb_one_cm":171,"minecraft:sprint_one_cm":1329880,"minecraft:walk_one_cm":369452,"minecraft:damage_blocked_by_shield":350,"minecraft:drop":106,"minecraft:talked_to_villager":286,"minecraft:play_time":477180,"minecraft:sneak_time":89976,"minecraft:walk_under_water_one_cm":7499,"minecraft:jump":10944,"minecraft:walk_on_water_one_cm":41217,"minecraft:enchant_item":34,"minecraft:total_world_time":477180,"minecraft:interact_with_furnace":50,"minecraft:traded_with_villager":553,"minecraft:interact_with_grindstone":24,"minecraft:sleep_in_bed":16,"minecraft:time_since_rest":26898,"minecraft:damage_taken":2707,"minecraft:damage_dealt":39449,"minecraft:swim_one_cm":62667,"minecraft:fly_one_cm":2370003,"minecraft:open_chest":262,"minecraft:crouch_one_cm":142747,"minecraft:fall_one_cm":328341},"minecraft:broken":{"minecraft:stone_axe":2},"minecraft:dropped":{"minecraft:iron_ingot":7,"minecraft:lapis_lazuli":6,"minecraft:wheat_seeds":19,"minecraft:diamond_axe":1,"minecraft:diamond":15,"minecraft:crossbow":2,"minecraft:iron_helmet":18,"minecraft:stick":66,"minecraft:spruce_leaves":1,"minecraft:oxeye_daisy":2,"minecraft:dirt":1,"minecraft:ink_sac":1,"minecraft:iron_leggings":9,"minecraft:tripwire_hook":1,"minecraft:white_wool":1,"minecraft:spruce_sapling":78,"minecraft:dandelion":7,"minecraft:stone_axe":1,"minecraft:stone_shovel":1,"minecraft:rotten_flesh":4,"minecraft:light_gray_wool":1,"minecraft:iron_boots":4,"minecraft:azure_bluet":2,"minecraft:oak_sign":2,"minecraft:poppy":3,"minecraft:gunpowder":1,"minecraft:spruce_planks":1,"minecraft:iron_chestplate":2,"minecraft:oak_sapling":1,"minecraft:chainmail_boots":12,"minecraft:spider_eye":1,"minecraft:arrow":6,"minecraft:glass":1,"minecraft:black_wool":1},"minecraft:used":{"minecraft:flint_and_steel":1,"minecraft:enchanting_table":1,"minecraft:stone_shovel":112,"minecraft:oak_sign":1,"minecraft:chest":3,"minecraft:spruce_planks":83,"minecraft:shield":19,"minecraft:iron_sword":68,"minecraft:stone_hoe":111,"minecraft:netherrack":4,"minecraft:iron_chestplate":1,"minecraft:spruce_leaves":1,"minecraft:torch":26,"minecraft:dirt":271,"minecraft:anvil":1,"minecraft:salmon_bucket":1,"minecraft:obsidian":14,"minecraft:glass":48,"minecraft:granite":4,"minecraft:milk_bucket":2,"minecraft:dark_oak_planks":173,"minecraft:lava_bucket":26,"minecraft:bookshelf":15,"minecraft:iron_axe":5,"minecraft:dark_oak_slab":1,"minecraft:crimson_planks":80,"minecraft:diamond_chestplate":2,"minecraft:basalt":9,"minecraft:bow":3,"minecraft:hay_block":15,"minecraft:goat_horn":2,"minecraft:furnace":2,"minecraft:egg":3,"minecraft:cooked_beef":2,"minecraft:cobbled_deepslate":75,"minecraft:dark_oak_sapling":8,"minecraft:cooked_mutton":5,"minecraft:dark_oak_stairs":2,"minecraft:water_bucket":20,"minecraft:diorite":8,"minecraft:stone_pickaxe":26,"minecraft:wooden_pickaxe":5,"minecraft:composter":8,"minecraft:sugar_cane":49,"minecraft:diamond_axe":3287,"minecraft:fletching_table":8,"minecraft:sand":1,"minecraft:crafting_table":11,"minecraft:white_bed":9,"minecraft:crossbow":3,"minecraft:dark_oak_fence_gate":4,"minecraft:spruce_log":83,"minecraft:diamond_pickaxe":922,"minecraft:diamond_shovel":290,"minecraft:spruce_trapdoor":6,"minecraft:dark_oak_log":1,"minecraft:iron_pickaxe":43,"minecraft:lectern":128,"minecraft:bread":102,"minecraft:gravel":6,"minecraft:spruce_sapling":65,"minecraft:stone_axe":222,"minecraft:diamond_sword":277,"minecraft:cobblestone":226,"minecraft:grindstone":2,"minecraft:cooked_porkchop":2,"minecraft:andesite":10,"minecraft:bucket":49,"minecraft:glass_pane":45,"minecraft:yellow_bed":10,"minecraft:diamond_leggings":1,"minecraft:bone_meal":65},"minecraft:killed":{"minecraft:spider":4,"minecraft:skeleton":14,"minecraft:horse":4,"minecraft:piglin":3,"minecraft:pig":32,"minecraft:zombie_villager":1,"minecraft:iron_golem":8,"minecraft:hoglin":1,"minecraft:creeper":6,"minecraft:sheep":33,"minecraft:pillager":45,"minecraft:zombie":13,"minecraft:cow":58}},"DataVersion":3465}