{"stats":{"minecraft:mined":{"minecraft:spruce_planks":4,"minecraft:white_bed":4,"minecraft:deepslate_diamond_ore":56,"minecraft:dark_oak_log":40,"minecraft:brewing_stand":1,"minecraft:obsidian":18,"minecraft:spruce_trapdoor":2,"minecraft:granite":14,"minecraft:grass_block":57,"minecraft:spruce_leaves":42,"minecraft:composter":11,"minecraft:crimson_stem":22,"minecraft:hay_block":111,"minecraft:spruce_sapling":1,"minecraft:furnace":2,"minecraft:iron_ore":1,"minecraft:cobbled_deepslate":5,"minecraft:fire":38,"minecraft:andesite":15,"minecraft:fletching_table":4,"minecraft:peony":1,"minecraft:dirt_path":25,"minecraft:stone":73,"minecraft:bone_block":168,"minecraft:crimson_nylium":7,"minecraft:soul_fire":10,"minecraft:basalt":9,"minecraft:dandelion":3,"minecraft:crafting_table":8,"minecraft:torch":8,"minecraft:rose_bush":1,"minecraft:lectern":127,"minecraft:tall_grass":10,"minecraft:copper_ore":2,"minecraft:cobblestone":27,"minecraft:lapis_ore":14,"minecraft:grindstone":1,"minecraft:sugar_cane":71,"minecraft:diorite":21,"minecraft:wall_torch":7,"minecraft:spruce_log":1912,"minecraft:birch_leaves":1,"minecraft:grass":53,"minecraft:oak_log":12,"minecraft:coal_ore":22,"minecraft:gravel":29,"minecraft:dirt":56,"minecraft:crimson_planks":1,"minecraft:netherrack":7,"minecraft:oak_leaves":9,"minecraft:deepslate":191},"minecraft:killed":{"minecraft:spider":4,"minecraft:skeleton":13,"minecraft:horse":4,"minecraft:piglin":3,"minecraft:pig":32,"minecraft:zombie_villager":1,"minecraft:iron_golem":7,"minecraft:hoglin":1,"minecraft:creeper":4,"minecraft:sheep":32,"minecraft:zombie":10,"minecraft:cow":58},"minecraft:dropped":{"minecraft:iron_ingot":7,"minecraft:wheat_seeds":6,"minecraft:diamond_axe":1,"minecraft:diamond":15,"minecraft:crossbow":2,"minecraft:iron_helmet":18,"minecraft:stick":55,"minecraft:spruce_leaves":1,"minecraft:oxeye_daisy":2,"minecraft:iron_leggings":9,"minecraft:dandelion":3,"minecraft:stone_axe":1,"minecraft:stone_shovel":1,"minecraft:rotten_flesh":4,"minecraft:light_gray_wool":1,"minecraft:iron_boots":4,"minecraft:azure_bluet":1,"minecraft:oak_sign":2,"minecraft:poppy":3,"minecraft:gunpowder":1,"minecraft:spruce_planks":1,"minecraft:iron_chestplate":2,"minecraft:oak_sapling":1,"minecraft:spider_eye":1,"minecraft:arrow":6,"minecraft:black_wool":1},"minecraft:crafted":{"minecraft:oak_planks":48,"minecraft:stone_shovel":1,"minecraft:oak_sign":3,"minecraft:iron_nugget":2,"minecraft:bone_meal":84,"minecraft:diamond_shovel":1,"minecraft:bookshelf":16,"minecraft:flint_and_steel":1,"minecraft:diamond_helmet":1,"minecraft:diamond_leggings":1,"minecraft:iron_axe":1,"minecraft:spruce_slab":12,"minecraft:stone_pickaxe":1,"minecraft:chest":1,"minecraft:diamond_boots":1,"minecraft:dark_oak_planks":160,"minecraft:stone_hoe":1,"minecraft:wheat":288,"minecraft:crimson_planks":88,"minecraft:diamond_sword":1,"minecraft:emerald":425,"minecraft:diamond_axe":3,"minecraft:crafting_table":6,"minecraft:spruce_planks":7552,"minecraft:enchanting_table":1,"minecraft:wooden_pickaxe":1,"minecraft:iron_sword":1,"minecraft:bucket":2,"minecraft:stone_axe":3,"minecraft:enchanted_book":2,"minecraft:bread":96,"minecraft:air":0,"minecraft:spruce_trapdoor":4,"minecraft:lectern":1,"minecraft:iron_chestplate":1,"minecraft:book":51,"minecraft:paper":237,"minecraft:emerald_block":31,"minecraft:diamond_pickaxe":2,"minecraft:shield":1,"minecraft:stick":15040,"minecraft:iron_ingot":1,"minecraft:iron_pickaxe":1,"minecraft:iron_block":3,"minecraft:anvil":1,"minecraft:white_bed":1,"minecraft:lapis_block":21,"minecraft:lapis_lazuli":234,"minecraft:diamond_chestplate":2},"minecraft:picked_up":{"minecraft:spruce_leaves":2,"minecraft:crafting_table":8,"minecraft:azure_bluet":1,"minecraft:crimson_planks":1,"minecraft:brewing_stand":1,"minecraft:string":1,"minecraft:raw_copper":8,"minecraft:iron_leggings":2,"minecraft:gold_nugget":22,"minecraft:cobbled_deepslate":196,"minecraft:spruce_planks":4,"minecraft:beef":114,"minecraft:rose_bush":1,"minecraft:poppy":7,"minecraft:light_gray_wool":1,"minecraft:lectern":127,"minecraft:sugar_cane":127,"minecraft:furnace":2,"minecraft:spruce_trapdoor":2,"minecraft:iron_boots":2,"minecraft:egg":8,"minecraft:dark_oak_sapling":1,"minecraft:stick":72,"minecraft:raw_iron":1,"minecraft:composter":11,"minecraft:torch":15,"minecraft:porkchop":59,"minecraft:diorite":21,"minecraft:dark_oak_planks":3,"minecraft:arrow":17,"minecraft:rotten_flesh":8,"minecraft:peony":1,"minecraft:hay_block":111,"minecraft:obsidian":18,"minecraft:mutton":45,"minecraft:bone_block":185,"minecraft:white_wool":31,"minecraft:cobblestone":81,"minecraft:oxeye_daisy":2,"minecraft:basalt":9,"minecraft:cooked_beef":64,"minecraft:crimson_stem":22,"minecraft:andesite":11,"minecraft:leather":53,"minecraft:flint":1,"minecraft:oak_log":12,"minecraft:gunpowder":1,"minecraft:lapis_lazuli":82,"minecraft:dirt":129,"minecraft:cooked_mutton":11,"minecraft:bone":21,"minecraft:apple":1,"minecraft:bow":1,"minecraft:wheat_seeds":9,"minecraft:grindstone":1,"minecraft:iron_ingot":34,"minecraft:fletching_table":4,"minecraft:stone_hoe":1,"minecraft:cooked_porkchop":13,"minecraft:dandelion":3,"minecraft:gravel":28,"minecraft:spruce_sapling":120,"minecraft:white_bed":4,"minecraft:spruce_log":1914,"minecraft:dark_oak_log":40,"minecraft:spider_eye":1,"minecraft:diamond":56,"minecraft:iron_helmet":2,"minecraft:crossbow":2,"minecraft:granite":12,"minecraft:oak_sapling":1,"minecraft:netherrack":14,"minecraft:black_wool":1,"minecraft:coal":22,"minecraft:crimson_roots":1},"minecraft:custom":{"minecraft:interact_with_anvil":2,"minecraft:mob_kills":175,"minecraft:interact_with_crafting_table":43,"minecraft:leave_game":8,"minecraft:time_since_death":340225,"minecraft:climb_one_cm":171,"minecraft:sprint_one_cm":939909,"minecraft:walk_one_cm":253366,"minecraft:damage_blocked_by_shield":350,"minecraft:drop":75,"minecraft:talked_to_villager":246,"minecraft:play_time":340225,"minecraft:sneak_time":75599,"minecraft:walk_under_water_one_cm":5571,"minecraft:jump":8007,"minecraft:walk_on_water_one_cm":37221,"minecraft:enchant_item":30,"minecraft:total_world_time":340225,"minecraft:interact_with_furnace":20,"minecraft:traded_with_villager":431,"minecraft:interact_with_grindstone":21,"minecraft:sleep_in_bed":12,"minecraft:time_since_rest":9428,"minecraft:damage_taken":2211,"minecraft:damage_dealt":26313,"minecraft:swim_one_cm":48918,"minecraft:fly_one_cm":1643520,"minecraft:open_chest":155,"minecraft:crouch_one_cm":93382,"minecraft:fall_one_cm":224205},"minecraft:used":{"minecraft:enchanting_table":1,"minecraft:flint_and_steel":1,"minecraft:stone_shovel":112,"minecraft:oak_sign":1,"minecraft:chest":1,"minecraft:spruce_planks":4,"minecraft:shield":19,"minecraft:iron_sword":68,"minecraft:stone_hoe":111,"minecraft:netherrack":4,"minecraft:iron_chestplate":1,"minecraft:spruce_leaves":1,"minecraft:torch":20,"minecraft:dirt":124,"minecraft:anvil":1,"minecraft:granite":4,"minecraft:obsidian":14,"minecraft:milk_bucket":2,"minecraft:lava_bucket":26,"minecraft:bookshelf":15,"minecraft:iron_axe":5,"minecraft:crimson_planks":80,"minecraft:diamond_chestplate":2,"minecraft:basalt":9,"minecraft:hay_block":15,"minecraft:furnace":2,"minecraft:egg":3,"minecraft:cooked_beef":2,"minecraft:cobbled_deepslate":75,"minecraft:cooked_mutton":5,"minecraft:water_bucket":18,"minecraft:diorite":8,"minecraft:stone_pickaxe":26,"minecraft:wooden_pickaxe":5,"minecraft:composter":8,"minecraft:sugar_cane":49,"minecraft:diamond_axe":2084,"minecraft:fletching_table":4,"minecraft:crafting_table":11,"minecraft:white_bed":4,"minecraft:spruce_log":3,"minecraft:diamond_pickaxe":586,"minecraft:bread":74,"minecraft:iron_pickaxe":43,"minecraft:lectern":128,"minecraft:spruce_trapdoor":6,"minecraft:gravel":6,"minecraft:spruce_sapling":53,"minecraft:stone_axe":222,"minecraft:diamond_sword":110,"minecraft:cobblestone":15,"minecraft:cooked_porkchop":1,"minecraft:andesite":10,"minecraft:bucket":46,"minecraft:diamond_leggings":1,"minecraft:bone_meal":44},"minecraft:broken":{"minecraft:stone_axe":2}},"DataVersion":3465}