{"stats":{"minecraft:picked_up":{"minecraft:crafting_table":8,"minecraft:azure_bluet":1,"minecraft:brewing_stand":1,"minecraft:string":1,"minecraft:raw_copper":8,"minecraft:iron_leggings":2,"minecraft:gold_nugget":22,"minecraft:cobbled_deepslate":196,"minecraft:spruce_planks":4,"minecraft:beef":114,"minecraft:rose_bush":1,"minecraft:poppy":7,"minecraft:light_gray_wool":1,"minecraft:lectern":127,"minecraft:sugar_cane":127,"minecraft:furnace":2,"minecraft:spruce_trapdoor":2,"minecraft:iron_boots":2,"minecraft:egg":8,"minecraft:dark_oak_sapling":1,"minecraft:stick":56,"minecraft:raw_iron":1,"minecraft:composter":11,"minecraft:torch":14,"minecraft:porkchop":54,"minecraft:diorite":21,"minecraft:dark_oak_planks":3,"minecraft:arrow":9,"minecraft:rotten_flesh":8,"minecraft:peony":1,"minecraft:hay_block":111,"minecraft:obsidian":18,"minecraft:mutton":45,"minecraft:bone_block":17,"minecraft:white_wool":31,"minecraft:cobblestone":81,"minecraft:oxeye_daisy":2,"minecraft:cooked_beef":64,"minecraft:andesite":11,"minecraft:leather":51,"minecraft:flint":1,"minecraft:oak_log":12,"minecraft:lapis_lazuli":82,"minecraft:dirt":129,"minecraft:cooked_mutton":11,"minecraft:bone":12,"minecraft:apple":1,"minecraft:wheat_seeds":9,"minecraft:grindstone":1,"minecraft:iron_ingot":34,"minecraft:fletching_table":4,"minecraft:stone_hoe":1,"minecraft:cooked_porkchop":13,"minecraft:dandelion":3,"minecraft:gravel":28,"minecraft:spruce_sapling":96,"minecraft:white_bed":4,"minecraft:spruce_log":1521,"minecraft:dark_oak_log":40,"minecraft:spider_eye":1,"minecraft:diamond":56,"minecraft:iron_helmet":2,"minecraft:granite":12,"minecraft:oak_sapling":1,"minecraft:netherrack":14,"minecraft:black_wool":1,"minecraft:coal":22,"minecraft:crimson_roots":1},"minecraft:custom":{"minecraft:mob_kills":163,"minecraft:interact_with_crafting_table":39,"minecraft:leave_game":8,"minecraft:time_since_death":282201,"minecraft:climb_one_cm":171,"minecraft:sprint_one_cm":824009,"minecraft:walk_one_cm":215868,"minecraft:damage_blocked_by_shield":350,"minecraft:drop":71,"minecraft:talked_to_villager":227,"minecraft:play_time":282201,"minecraft:sneak_time":70587,"minecraft:walk_under_water_one_cm":5571,"minecraft:jump":6997,"minecraft:walk_on_water_one_cm":37221,"minecraft:enchant_item":3,"minecraft:total_world_time":282201,"minecraft:interact_with_furnace":20,"minecraft:traded_with_villager":315,"minecraft:sleep_in_bed":10,"minecraft:time_since_rest":3774,"minecraft:damage_taken":1659,"minecraft:damage_dealt":23903,"minecraft:swim_one_cm":48918,"minecraft:fly_one_cm":1487139,"minecraft:open_chest":120,"minecraft:crouch_one_cm":78170,"minecraft:fall_one_cm":182589},"minecraft:mined":{"minecraft:spruce_planks":4,"minecraft:white_bed":4,"minecraft:deepslate_diamond_ore":56,"minecraft:dark_oak_log":40,"minecraft:brewing_stand":1,"minecraft:obsidian":18,"minecraft:spruce_trapdoor":2,"minecraft:granite":14,"minecraft:grass_block":57,"minecraft:spruce_leaves":40,"minecraft:composter":11,"minecraft:hay_block":111,"minecraft:spruce_sapling":1,"minecraft:furnace":2,"minecraft:iron_ore":1,"minecraft:cobbled_deepslate":5,"minecraft:fire":38,"minecraft:andesite":15,"minecraft:fletching_table":4,"minecraft:peony":1,"minecraft:dirt_path":25,"minecraft:stone":73,"minecraft:crimson_nylium":7,"minecraft:dandelion":3,"minecraft:crafting_table":8,"minecraft:torch":7,"minecraft:rose_bush":1,"minecraft:lectern":127,"minecraft:tall_grass":10,"minecraft:copper_ore":2,"minecraft:cobblestone":27,"minecraft:lapis_ore":14,"minecraft:grindstone":1,"minecraft:sugar_cane":71,"minecraft:diorite":21,"minecraft:wall_torch":7,"minecraft:spruce_log":1519,"minecraft:birch_leaves":1,"minecraft:grass":53,"minecraft:oak_log":12,"minecraft:coal_ore":22,"minecraft:gravel":29,"minecraft:dirt":56,"minecraft:netherrack":7,"minecraft:oak_leaves":9,"minecraft:deepslate":191},"minecraft:crafted":{"minecraft:oak_planks":48,"minecraft:stone_shovel":1,"minecraft:oak_sign":3,"minecraft:iron_nugget":2,"minecraft:bone_meal":48,"minecraft:bookshelf":16,"minecraft:flint_and_steel":1,"minecraft:diamond_helmet":1,"minecraft:diamond_leggings":1,"minecraft:iron_axe":1,"minecraft:spruce_slab":12,"minecraft:stone_pickaxe":1,"minecraft:chest":1,"minecraft:diamond_boots":1,"minecraft:dark_oak_planks":160,"minecraft:stone_hoe":1,"minecraft:wheat":288,"minecraft:diamond_sword":1,"minecraft:emerald":309,"minecraft:diamond_axe":3,"minecraft:crafting_table":6,"minecraft:spruce_planks":5472,"minecraft:enchanting_table":1,"minecraft:wooden_pickaxe":1,"minecraft:iron_sword":1,"minecraft:bucket":2,"minecraft:stone_axe":3,"minecraft:enchanted_book":2,"minecraft:bread":96,"minecraft:air":0,"minecraft:spruce_trapdoor":4,"minecraft:lectern":1,"minecraft:iron_chestplate":1,"minecraft:book":51,"minecraft:paper":237,"minecraft:diamond_pickaxe":1,"minecraft:shield":1,"minecraft:stick":10880,"minecraft:iron_ingot":1,"minecraft:iron_pickaxe":1,"minecraft:iron_block":3,"minecraft:anvil":1,"minecraft:white_bed":1,"minecraft:diamond_chestplate":2},"minecraft:killed":{"minecraft:spider":4,"minecraft:skeleton":7,"minecraft:horse":4,"minecraft:pig":32,"minecraft:zombie_villager":1,"minecraft:iron_golem":7,"minecraft:creeper":2,"minecraft:sheep":32,"minecraft:zombie":10,"minecraft:cow":58},"minecraft:used":{"minecraft:enchanting_table":1,"minecraft:flint_and_steel":1,"minecraft:stone_shovel":112,"minecraft:oak_sign":1,"minecraft:chest":1,"minecraft:spruce_planks":4,"minecraft:shield":19,"minecraft:iron_sword":68,"minecraft:stone_hoe":111,"minecraft:netherrack":4,"minecraft:iron_chestplate":1,"minecraft:torch":17,"minecraft:dirt":124,"minecraft:anvil":1,"minecraft:granite":4,"minecraft:obsidian":14,"minecraft:milk_bucket":2,"minecraft:lava_bucket":26,"minecraft:bookshelf":15,"minecraft:iron_axe":5,"minecraft:diamond_chestplate":1,"minecraft:hay_block":15,"minecraft:furnace":2,"minecraft:egg":3,"minecraft:cooked_beef":2,"minecraft:cobbled_deepslate":75,"minecraft:cooked_mutton":5,"minecraft:water_bucket":18,"minecraft:diorite":8,"minecraft:stone_pickaxe":26,"minecraft:wooden_pickaxe":5,"minecraft:composter":8,"minecraft:sugar_cane":49,"minecraft:diamond_axe":1667,"minecraft:fletching_table":4,"minecraft:crafting_table":11,"minecraft:white_bed":4,"minecraft:spruce_log":2,"minecraft:diamond_pickaxe":409,"minecraft:bread":59,"minecraft:iron_pickaxe":43,"minecraft:lectern":128,"minecraft:spruce_trapdoor":6,"minecraft:gravel":6,"minecraft:spruce_sapling":37,"minecraft:stone_axe":222,"minecraft:diamond_sword":66,"minecraft:cobblestone":15,"minecraft:cooked_porkchop":1,"minecraft:andesite":10,"minecraft:bucket":46,"minecraft:bone_meal":31},"minecraft:dropped":{"minecraft:iron_ingot":7,"minecraft:wheat_seeds":6,"minecraft:diamond_axe":1,"minecraft:diamond":15,"minecraft:iron_helmet":18,"minecraft:stick":55,"minecraft:oxeye_daisy":2,"minecraft:iron_leggings":9,"minecraft:dandelion":3,"minecraft:stone_axe":1,"minecraft:stone_shovel":1,"minecraft:rotten_flesh":4,"minecraft:light_gray_wool":1,"minecraft:iron_boots":4,"minecraft:azure_bluet":1,"minecraft:oak_sign":2,"minecraft:poppy":3,"minecraft:spruce_planks":1,"minecraft:iron_chestplate":2,"minecraft:oak_sapling":1,"minecraft:spider_eye":1,"minecraft:arrow":6,"minecraft:black_wool":1},"minecraft:broken":{"minecraft:stone_axe":2}},"DataVersion":3465}