{"stats":{"minecraft:mined":{"minecraft:dark_oak_planks":1,"minecraft:spruce_planks":11,"minecraft:white_bed":6,"minecraft:dark_oak_leaves":32,"minecraft:dark_oak_log":252,"minecraft:spruce_trapdoor":3,"minecraft:grass_block":233,"minecraft:cracked_polished_blackstone_bricks":2,"minecraft:soul_soil":7,"minecraft:spruce_leaves":162,"minecraft:gilded_blackstone":1,"minecraft:polished_blackstone_bricks":3,"minecraft:weeping_vines_plant":1,"minecraft:hay_block":17,"minecraft:magma_block":14,"minecraft:spruce_sapling":21,"minecraft:carrots":99,"minecraft:iron_ore":1,"minecraft:fire":2,"minecraft:fletching_table":3,"minecraft:gold_block":4,"minecraft:cobblestone_slab":1,"minecraft:potatoes":43,"minecraft:dirt_path":21,"minecraft:stone":31,"minecraft:bone_block":107,"minecraft:podzol":2,"minecraft:glass_pane":3,"minecraft:blackstone":3,"minecraft:soul_sand":5,"minecraft:crimson_nylium":11,"minecraft:soul_fire":24,"minecraft:oak_fence":5,"minecraft:crafting_table":1,"minecraft:torch":5,"minecraft:blast_furnace":1,"minecraft:chest":2,"minecraft:nether_quartz_ore":6,"minecraft:spruce_wall_sign":13,"minecraft:tall_grass":25,"minecraft:cobblestone":9,"minecraft:sugar_cane":112,"minecraft:grindstone":1,"minecraft:oak_planks":1,"minecraft:diorite":44,"minecraft:wall_torch":3,"minecraft:wheat":125,"minecraft:spruce_log":1360,"minecraft:yellow_bed":11,"minecraft:stone_brick_stairs":2,"minecraft:grass":229,"minecraft:oak_log":23,"minecraft:coal_ore":25,"minecraft:beetroots":1,"minecraft:oak_fence_gate":1,"minecraft:dark_oak_sapling":4,"minecraft:gravel":74,"minecraft:sand":52,"minecraft:dirt":251,"minecraft:netherrack":755,"minecraft:oak_leaves":6},"minecraft:killed":{"minecraft:endermite":1,"minecraft:vindicator":1,"minecraft:spider":6,"minecraft:horse":1,"minecraft:skeleton":6,"minecraft:drowned":1,"minecraft:piglin_brute":1,"minecraft:piglin":3,"minecraft:salmon":1,"minecraft:iron_golem":18,"minecraft:ravager":1,"minecraft:pillager":6,"minecraft:zombie":10},"minecraft:dropped":{"minecraft:bread":1,"minecraft:iron_sword":9,"minecraft:wheat_seeds":9,"minecraft:dark_oak_sapling":2,"minecraft:iron_helmet":1,"minecraft:cobblestone":3,"minecraft:stick":6,"minecraft:emerald":54,"minecraft:dirt":42,"minecraft:iron_axe":1,"minecraft:white_banner":2,"minecraft:iron_pickaxe":2,"minecraft:chainmail_leggings":12,"minecraft:string":2,"minecraft:birch_log":3,"minecraft:spruce_sapling":2,"minecraft:dandelion":1,"minecraft:bone":4,"minecraft:gravel":6,"minecraft:emerald_block":16,"minecraft:sugar_cane":1,"minecraft:stone_sword":1,"minecraft:bowl":4,"minecraft:stone_shovel":10,"minecraft:rotten_flesh":6,"minecraft:salmon":2,"minecraft:carrot":141,"minecraft:suspicious_stew":11,"minecraft:chainmail_chestplate":12,"minecraft:diamond_sword":1,"minecraft:poppy":3,"minecraft:spruce_planks":8,"minecraft:chainmail_boots":12,"minecraft:spider_eye":1,"minecraft:arrow":7,"minecraft:beef":33,"minecraft:stone_brick_stairs":2,"minecraft:netherrack":1,"minecraft:egg":2},"minecraft:crafted":{"minecraft:golden_carrot":36,"minecraft:oak_planks":92,"minecraft:redstone":96,"minecraft:cobblestone_slab":6,"minecraft:stone_shovel":1,"minecraft:stone":2,"minecraft:bone_meal":243,"minecraft:diamond_shovel":1,"minecraft:hopper":1,"minecraft:diamond_helmet":1,"minecraft:bow":1,"minecraft:diamond_leggings":1,"minecraft:iron_boots":1,"minecraft:iron_axe":1,"minecraft:spruce_boat":1,"minecraft:chest":15,"minecraft:diamond_boots":1,"minecraft:dark_oak_planks":1020,"minecraft:stone_hoe":2,"minecraft:chainmail_leggings":12,"minecraft:wheat":711,"minecraft:wooden_shovel":1,"minecraft:diamond_sword":1,"minecraft:emerald":824,"minecraft:arrow":64,"minecraft:spruce_sign":6,"minecraft:diamond_axe":1,"minecraft:crafting_table":1,"minecraft:spruce_planks":7648,"minecraft:iron_helmet":13,"minecraft:wooden_pickaxe":1,"minecraft:iron_sword":19,"minecraft:chainmail_chestplate":12,"minecraft:fletching_table":1,"minecraft:bucket":3,"minecraft:bread":252,"minecraft:air":0,"minecraft:spruce_trapdoor":4,"minecraft:charcoal":6,"minecraft:iron_chestplate":1,"minecraft:diamond_pickaxe":1,"minecraft:shield":2,"minecraft:stick":14280,"minecraft:iron_ingot":1,"minecraft:chainmail_boots":12,"minecraft:iron_pickaxe":1,"minecraft:stone_sword":1,"minecraft:iron_shovel":2,"minecraft:iron_leggings":7,"minecraft:white_bed":2,"minecraft:spruce_fence_gate":1,"minecraft:torch":40,"minecraft:lapis_lazuli":33,"minecraft:diamond_chestplate":1},"minecraft:picked_up":{"minecraft:crafting_table":1,"minecraft:wheat":79,"minecraft:suspicious_stew":13,"minecraft:diamond_sword":4,"minecraft:gold_block":4,"minecraft:gilded_blackstone":1,"minecraft:stone_brick_stairs":2,"minecraft:string":3,"minecraft:soul_soil":7,"minecraft:iron_axe":1,"minecraft:blackstone":3,"minecraft:beetroot":1,"minecraft:diamond_leggings":3,"minecraft:spruce_planks":140,"minecraft:beef":33,"minecraft:cobblestone_slab":1,"minecraft:poppy":8,"minecraft:iron_pickaxe":3,"minecraft:sugar_cane":156,"minecraft:chest":2,"minecraft:spruce_trapdoor":7,"minecraft:egg":2,"minecraft:dark_oak_sapling":33,"minecraft:raw_iron":1,"minecraft:stick":180,"minecraft:oak_fence":5,"minecraft:bowl":4,"minecraft:torch":7,"minecraft:porkchop":9,"minecraft:polished_blackstone_bricks":4,"minecraft:diorite":44,"minecraft:carrot":309,"minecraft:dark_oak_planks":1,"minecraft:diamond_chestplate":3,"minecraft:rotten_flesh":14,"minecraft:arrow":14,"minecraft:stone_shovel":10,"minecraft:beetroot_seeds":4,"minecraft:diamond_boots":2,"minecraft:hay_block":17,"minecraft:saddle":1,"minecraft:cobblestone":40,"minecraft:bone_block":107,"minecraft:birch_log":3,"minecraft:magma_block":14,"minecraft:salmon":2,"minecraft:potato":145,"minecraft:flint":1,"minecraft:crimson_fungus":1,"minecraft:oak_log":23,"minecraft:yellow_bed":11,"minecraft:dirt":564,"minecraft:white_banner":4,"minecraft:bone":4,"minecraft:apple":4,"minecraft:bow":1,"minecraft:wheat_seeds":298,"minecraft:oak_fence_gate":1,"minecraft:bell":3,"minecraft:grindstone":1,"minecraft:iron_ingot":129,"minecraft:diamond_helmet":3,"minecraft:fletching_table":3,"minecraft:oak_planks":1,"minecraft:soul_sand":5,"minecraft:cooked_porkchop":1,"minecraft:quartz":6,"minecraft:dark_oak_fence_gate":2,"minecraft:dandelion":3,"minecraft:lava_bucket":2,"minecraft:poisonous_potato":1,"minecraft:gravel":78,"minecraft:sand":52,"minecraft:spruce_sapling":431,"minecraft:blast_furnace":1,"minecraft:ink_sac":1,"minecraft:white_bed":15,"minecraft:spruce_log":1492,"minecraft:spider_eye":2,"minecraft:dark_oak_log":257,"minecraft:diamond_shovel":2,"minecraft:diamond":5,"minecraft:cracked_polished_blackstone_bricks":2,"minecraft:diamond_axe":3,"minecraft:bone_meal":66,"minecraft:spruce_sign":15,"minecraft:bread":167,"minecraft:emerald":88,"minecraft:oak_sapling":3,"minecraft:netherrack":696,"minecraft:coal":25,"minecraft:diamond_pickaxe":3},"minecraft:custom":{"minecraft:mob_kills":58,"minecraft:inspect_hopper":2,"minecraft:interact_with_crafting_table":58,"minecraft:bell_ring":36,"minecraft:leave_game":3,"minecraft:time_since_death":78435,"minecraft:climb_one_cm":856,"minecraft:sprint_one_cm":854287,"minecraft:walk_one_cm":363222,"minecraft:damage_blocked_by_shield":535,"minecraft:drop":167,"minecraft:talked_to_villager":315,"minecraft:raid_win":1,"minecraft:play_time":384688,"minecraft:deaths":2,"minecraft:sneak_time":32829,"minecraft:walk_under_water_one_cm":3437,"minecraft:interact_with_brewingstand":1,"minecraft:jump":6456,"minecraft:walk_on_water_one_cm":39730,"minecraft:enchant_item":5,"minecraft:total_world_time":384688,"minecraft:interact_with_furnace":19,"minecraft:traded_with_villager":603,"minecraft:interact_with_grindstone":3,"minecraft:sleep_in_bed":18,"minecraft:time_since_rest":24111,"minecraft:damage_taken":5818,"minecraft:damage_dealt":29130,"minecraft:player_kills":1,"minecraft:swim_one_cm":40274,"minecraft:fly_one_cm":1158529,"minecraft:open_chest":485,"minecraft:crouch_one_cm":90616,"minecraft:fall_one_cm":156404,"minecraft:horse_one_cm":10598},"minecraft:used":{"minecraft:beetroot":1,"minecraft:stone_sword":106,"minecraft:iron_shovel":268,"minecraft:stone_shovel":100,"minecraft:poppy":1,"minecraft:chest":16,"minecraft:spruce_planks":12,"minecraft:shield":9,"minecraft:iron_sword":129,"minecraft:wooden_shovel":14,"minecraft:stone_hoe":15,"minecraft:netherrack":292,"minecraft:torch":34,"minecraft:brewing_stand":1,"minecraft:soul_sand":1,"minecraft:dirt":346,"minecraft:hopper":1,"minecraft:carrot":105,"minecraft:diamond_helmet":1,"minecraft:oak_fence_gate":1,"minecraft:spruce_boat":1,"minecraft:dark_oak_planks":7,"minecraft:lava_bucket":3,"minecraft:iron_axe":383,"minecraft:golden_carrot":11,"minecraft:diamond_chestplate":1,"minecraft:bow":17,"minecraft:hay_block":2,"minecraft:soul_soil":1,"minecraft:potato":56,"minecraft:dark_oak_sapling":22,"minecraft:wheat_seeds":111,"minecraft:water_bucket":4,"minecraft:diorite":3,"minecraft:blackstone":1,"minecraft:wooden_pickaxe":4,"minecraft:spruce_sign":20,"minecraft:cobblestone_slab":4,"minecraft:sugar_cane":89,"minecraft:diamond_axe":1320,"minecraft:fletching_table":4,"minecraft:gilded_blackstone":1,"minecraft:polished_blackstone_bricks":1,"minecraft:sand":8,"minecraft:crafting_table":2,"minecraft:blast_furnace":2,"minecraft:white_bed":18,"minecraft:spruce_log":4,"minecraft:diamond_pickaxe":1008,"minecraft:apple":2,"minecraft:diamond_shovel":242,"minecraft:cracked_polished_blackstone_bricks":1,"minecraft:dark_oak_log":2,"minecraft:suspicious_stew":1,"minecraft:bread":122,"minecraft:iron_pickaxe":36,"minecraft:spruce_trapdoor":6,"minecraft:gravel":66,"minecraft:spruce_sapling":223,"minecraft:diamond_sword":298,"minecraft:crimson_fungus":1,"minecraft:cobblestone":10,"minecraft:grindstone":1,"minecraft:smithing_table":1,"minecraft:bucket":8,"minecraft:glass_pane":3,"minecraft:yellow_bed":11,"minecraft:dandelion":1,"minecraft:bone_meal":240},"minecraft:killed_by":{"minecraft:player":2}},"DataVersion":3465}