{"stats":{"minecraft:picked_up":{"minecraft:crafting_table":1,"minecraft:wheat":74,"minecraft:gold_block":2,"minecraft:stone_brick_stairs":2,"minecraft:string":3,"minecraft:soul_soil":1,"minecraft:beetroot":1,"minecraft:spruce_planks":8,"minecraft:poppy":8,"minecraft:sugar_cane":103,"minecraft:chest":2,"minecraft:spruce_trapdoor":1,"minecraft:dark_oak_sapling":33,"minecraft:stick":127,"minecraft:torch":4,"minecraft:porkchop":9,"minecraft:carrot":264,"minecraft:dark_oak_planks":1,"minecraft:rotten_flesh":9,"minecraft:arrow":8,"minecraft:stone_shovel":10,"minecraft:beetroot_seeds":4,"minecraft:hay_block":17,"minecraft:cobblestone":7,"minecraft:bone_block":107,"minecraft:birch_log":3,"minecraft:salmon":2,"minecraft:potato":103,"minecraft:flint":1,"minecraft:oak_log":23,"minecraft:yellow_bed":11,"minecraft:dirt":350,"minecraft:bone":4,"minecraft:apple":4,"minecraft:bow":1,"minecraft:wheat_seeds":267,"minecraft:grindstone":1,"minecraft:iron_ingot":66,"minecraft:fletching_table":3,"minecraft:oak_planks":1,"minecraft:soul_sand":1,"minecraft:dandelion":2,"minecraft:poisonous_potato":1,"minecraft:gravel":76,"minecraft:sand":52,"minecraft:spruce_sapling":240,"minecraft:blast_furnace":1,"minecraft:ink_sac":1,"minecraft:white_bed":4,"minecraft:spruce_log":926,"minecraft:spider_eye":1,"minecraft:dark_oak_log":257,"minecraft:diamond":5,"minecraft:emerald":61,"minecraft:oak_sapling":3,"minecraft:netherrack":86,"minecraft:coal":25},"minecraft:mined":{"minecraft:dark_oak_planks":1,"minecraft:spruce_planks":8,"minecraft:white_bed":3,"minecraft:dark_oak_leaves":32,"minecraft:dark_oak_log":252,"minecraft:spruce_trapdoor":1,"minecraft:grass_block":138,"minecraft:soul_soil":1,"minecraft:spruce_leaves":141,"minecraft:hay_block":17,"minecraft:spruce_sapling":7,"minecraft:carrots":91,"minecraft:fletching_table":3,"minecraft:gold_block":2,"minecraft:potatoes":43,"minecraft:dirt_path":7,"minecraft:stone":7,"minecraft:bone_block":107,"minecraft:podzol":2,"minecraft:glass_pane":3,"minecraft:soul_sand":1,"minecraft:crimson_nylium":2,"minecraft:soul_fire":23,"minecraft:crafting_table":1,"minecraft:torch":3,"minecraft:blast_furnace":1,"minecraft:chest":2,"minecraft:tall_grass":16,"minecraft:oak_planks":1,"minecraft:grindstone":1,"minecraft:sugar_cane":56,"minecraft:wall_torch":1,"minecraft:wheat":119,"minecraft:spruce_log":929,"minecraft:yellow_bed":11,"minecraft:stone_brick_stairs":2,"minecraft:grass":121,"minecraft:oak_log":23,"minecraft:coal_ore":25,"minecraft:beetroots":1,"minecraft:dark_oak_sapling":4,"minecraft:gravel":72,"minecraft:sand":52,"minecraft:dirt":146,"minecraft:netherrack":85,"minecraft:oak_leaves":6},"minecraft:crafted":{"minecraft:oak_planks":92,"minecraft:stone_shovel":1,"minecraft:stone":2,"minecraft:bone_meal":99,"minecraft:diamond_shovel":1,"minecraft:bow":1,"minecraft:diamond_helmet":1,"minecraft:diamond_leggings":1,"minecraft:iron_boots":1,"minecraft:iron_axe":1,"minecraft:chest":12,"minecraft:diamond_boots":1,"minecraft:dark_oak_planks":1020,"minecraft:stone_hoe":1,"minecraft:chainmail_leggings":12,"minecraft:wheat":711,"minecraft:wooden_shovel":1,"minecraft:diamond_sword":1,"minecraft:arrow":64,"minecraft:emerald":521,"minecraft:diamond_axe":1,"minecraft:crafting_table":1,"minecraft:spruce_planks":3360,"minecraft:wooden_pickaxe":1,"minecraft:iron_helmet":13,"minecraft:iron_sword":7,"minecraft:chainmail_chestplate":12,"minecraft:fletching_table":1,"minecraft:bread":252,"minecraft:air":0,"minecraft:iron_chestplate":1,"minecraft:diamond_pickaxe":1,"minecraft:shield":2,"minecraft:stick":8840,"minecraft:iron_ingot":1,"minecraft:chainmail_boots":12,"minecraft:iron_pickaxe":1,"minecraft:stone_sword":1,"minecraft:iron_shovel":2,"minecraft:iron_leggings":7,"minecraft:white_bed":2,"minecraft:torch":16,"minecraft:lapis_lazuli":9,"minecraft:diamond_chestplate":1},"minecraft:custom":{"minecraft:mob_kills":36,"minecraft:interact_with_crafting_table":44,"minecraft:bell_ring":1,"minecraft:leave_game":3,"minecraft:time_since_death":270682,"minecraft:climb_one_cm":636,"minecraft:sprint_one_cm":541496,"minecraft:walk_one_cm":229267,"minecraft:damage_blocked_by_shield":80,"minecraft:drop":93,"minecraft:talked_to_villager":208,"minecraft:play_time":270682,"minecraft:sneak_time":23741,"minecraft:walk_under_water_one_cm":2423,"minecraft:jump":3672,"minecraft:walk_on_water_one_cm":11920,"minecraft:enchant_item":3,"minecraft:total_world_time":270682,"minecraft:interact_with_furnace":7,"minecraft:traded_with_villager":357,"minecraft:interact_with_grindstone":2,"minecraft:sleep_in_bed":11,"minecraft:time_since_rest":8467,"minecraft:damage_taken":2081,"minecraft:damage_dealt":19982,"minecraft:swim_one_cm":24256,"minecraft:fly_one_cm":609587,"minecraft:open_chest":230,"minecraft:crouch_one_cm":62159,"minecraft:fall_one_cm":85568},"minecraft:dropped":{"minecraft:bread":1,"minecraft:iron_sword":6,"minecraft:wheat_seeds":2,"minecraft:dark_oak_sapling":2,"minecraft:iron_helmet":1,"minecraft:dirt":42,"minecraft:chainmail_leggings":12,"minecraft:string":2,"minecraft:birch_log":3,"minecraft:dandelion":1,"minecraft:bone":4,"minecraft:gravel":6,"minecraft:stone_sword":1,"minecraft:stone_shovel":10,"minecraft:rotten_flesh":6,"minecraft:salmon":2,"minecraft:chainmail_chestplate":12,"minecraft:poppy":3,"minecraft:chainmail_boots":12,"minecraft:spider_eye":1,"minecraft:arrow":6,"minecraft:stone_brick_stairs":2,"minecraft:netherrack":1},"minecraft:used":{"minecraft:beetroot":1,"minecraft:stone_sword":106,"minecraft:iron_shovel":268,"minecraft:stone_shovel":100,"minecraft:poppy":1,"minecraft:chest":14,"minecraft:spruce_planks":5,"minecraft:shield":3,"minecraft:iron_sword":129,"minecraft:wooden_shovel":14,"minecraft:stone_hoe":4,"minecraft:netherrack":23,"minecraft:torch":15,"minecraft:soul_sand":1,"minecraft:dirt":288,"minecraft:carrot":97,"minecraft:dark_oak_planks":7,"minecraft:iron_axe":383,"minecraft:bow":1,"minecraft:hay_block":2,"minecraft:soul_soil":1,"minecraft:potato":56,"minecraft:dark_oak_sapling":22,"minecraft:wheat_seeds":105,"minecraft:wooden_pickaxe":4,"minecraft:diamond_axe":845,"minecraft:sugar_cane":89,"minecraft:fletching_table":4,"minecraft:sand":8,"minecraft:crafting_table":2,"minecraft:blast_furnace":2,"minecraft:white_bed":7,"minecraft:spruce_log":4,"minecraft:diamond_pickaxe":216,"minecraft:apple":1,"minecraft:diamond_shovel":7,"minecraft:dark_oak_log":2,"minecraft:bread":65,"minecraft:iron_pickaxe":36,"minecraft:spruce_trapdoor":1,"minecraft:spruce_sapling":133,"minecraft:gravel":66,"minecraft:diamond_sword":74,"minecraft:grindstone":1,"minecraft:smithing_table":1,"minecraft:glass_pane":3,"minecraft:yellow_bed":11,"minecraft:dandelion":1,"minecraft:bone_meal":81},"minecraft:killed":{"minecraft:spider":4,"minecraft:skeleton":5,"minecraft:drowned":1,"minecraft:piglin":1,"minecraft:salmon":1,"minecraft:iron_golem":17,"minecraft:zombie":7}},"DataVersion":3465}