{"stats":{"minecraft:picked_up":{"minecraft:wheat":105,"minecraft:suspicious_stew":13,"minecraft:diamond_sword":4,"minecraft:gilded_blackstone":1,"minecraft:stone_brick_stairs":2,"minecraft:string":3,"minecraft:soul_soil":7,"minecraft:beetroot":1,"minecraft:diamond_leggings":14,"minecraft:spruce_planks":141,"minecraft:cobblestone_slab":1,"minecraft:iron_pickaxe":3,"minecraft:tipped_arrow":2,"minecraft:stick":3666,"minecraft:oak_fence":5,"minecraft:torch":7,"minecraft:porkchop":9,"minecraft:diorite":44,"minecraft:rotten_flesh":14,"minecraft:obsidian":6,"minecraft:cobblestone":326,"minecraft:birch_log":3,"minecraft:magma_block":14,"minecraft:potato":145,"minecraft:flint":1,"minecraft:dirt":754,"minecraft:bone":4,"minecraft:bow":11,"minecraft:wheat_seeds":374,"minecraft:bell":3,"minecraft:grindstone":1,"minecraft:diamond_helmet":3,"minecraft:fletching_table":3,"minecraft:oak_planks":1,"minecraft:cooked_porkchop":1,"minecraft:poisonous_potato":1,"minecraft:sand":52,"minecraft:ink_sac":1,"minecraft:dark_oak_log":257,"minecraft:diamond":5,"minecraft:cracked_polished_blackstone_bricks":2,"minecraft:crossbow":7,"minecraft:bone_meal":132,"minecraft:spruce_sign":15,"minecraft:emerald":108,"minecraft:bread":737,"minecraft:oak_sapling":3,"minecraft:netherrack":721,"minecraft:diamond_pickaxe":13,"minecraft:crafting_table":1,"minecraft:gold_block":4,"minecraft:iron_axe":11,"minecraft:blackstone":3,"minecraft:glass_pane":11,"minecraft:beef":33,"minecraft:poppy":8,"minecraft:sugar_cane":411,"minecraft:chest":2,"minecraft:spruce_trapdoor":7,"minecraft:egg":3,"minecraft:dark_oak_sapling":33,"minecraft:raw_iron":1,"minecraft:bowl":4,"minecraft:polished_blackstone_bricks":4,"minecraft:carrot":309,"minecraft:dark_oak_planks":1,"minecraft:diamond_chestplate":5,"minecraft:arrow":310,"minecraft:stone_shovel":10,"minecraft:beetroot_seeds":4,"minecraft:pumpkin_pie":5,"minecraft:diamond_boots":6,"minecraft:hay_block":17,"minecraft:saddle":1,"minecraft:bone_block":107,"minecraft:golden_carrot":54,"minecraft:salmon":2,"minecraft:crimson_fungus":1,"minecraft:oak_log":23,"minecraft:yellow_bed":11,"minecraft:paper":2533,"minecraft:white_banner":4,"minecraft:apple":4,"minecraft:oak_fence_gate":1,"minecraft:iron_ingot":129,"minecraft:soul_sand":5,"minecraft:iron_sword":19,"minecraft:quartz":6,"minecraft:dandelion":12,"minecraft:gravel":78,"minecraft:lava_bucket":2,"minecraft:spruce_sapling":1455,"minecraft:blast_furnace":1,"minecraft:white_bed":18,"minecraft:spruce_log":2348,"minecraft:dark_oak_fence_gate":2,"minecraft:spider_eye":2,"minecraft:diamond_shovel":2,"minecraft:diamond_axe":3,"minecraft:coal":25},"minecraft:killed_by":{"minecraft:player":13},"minecraft:custom":{"minecraft:interact_with_crafting_table":61,"minecraft:bell_ring":36,"minecraft:leave_game":6,"minecraft:time_since_death":2138,"minecraft:sprint_one_cm":1031489,"minecraft:damage_blocked_by_shield":535,"minecraft:drop":175,"minecraft:talked_to_villager":342,"minecraft:play_time":443907,"minecraft:deaths":14,"minecraft:jump":8381,"minecraft:interact_with_brewingstand":1,"minecraft:walk_on_water_one_cm":44915,"minecraft:enchant_item":5,"minecraft:interact_with_furnace":19,"minecraft:traded_with_villager":606,"minecraft:sleep_in_bed":21,"minecraft:damage_dealt":32324,"minecraft:player_kills":8,"minecraft:crouch_one_cm":104530,"minecraft:horse_one_cm":10598,"minecraft:mob_kills":63,"minecraft:inspect_hopper":2,"minecraft:climb_one_cm":912,"minecraft:walk_one_cm":410816,"minecraft:raid_win":1,"minecraft:sneak_time":36372,"minecraft:walk_under_water_one_cm":4538,"minecraft:total_world_time":443907,"minecraft:interact_with_grindstone":3,"minecraft:time_since_rest":2161,"minecraft:damage_taken":10784,"minecraft:swim_one_cm":53314,"minecraft:fly_one_cm":1551360,"minecraft:open_chest":563,"minecraft:fall_one_cm":214170},"minecraft:mined":{"minecraft:dark_oak_planks":1,"minecraft:spruce_planks":12,"minecraft:white_bed":9,"minecraft:obsidian":6,"minecraft:spruce_trapdoor":3,"minecraft:grass_block":233,"minecraft:cracked_polished_blackstone_bricks":2,"minecraft:soul_soil":7,"minecraft:gilded_blackstone":1,"minecraft:weeping_vines_plant":1,"minecraft:polished_blackstone_bricks":3,"minecraft:tall_seagrass":1,"minecraft:magma_block":14,"minecraft:iron_ore":1,"minecraft:fire":35,"minecraft:fletching_table":3,"minecraft:dirt_path":21,"minecraft:blackstone":3,"minecraft:crimson_nylium":12,"minecraft:soul_fire":24,"minecraft:torch":5,"minecraft:blast_furnace":1,"minecraft:chest":2,"minecraft:spruce_wall_sign":13,"minecraft:nether_quartz_ore":6,"minecraft:cobblestone":14,"minecraft:grindstone":1,"minecraft:sugar_cane":253,"minecraft:oak_planks":1,"minecraft:wall_torch":3,"minecraft:wheat":152,"minecraft:stone_brick_stairs":2,"minecraft:grass":257,"minecraft:oak_log":23,"minecraft:beetroots":1,"minecraft:oak_fence_gate":1,"minecraft:dark_oak_sapling":4,"minecraft:sand":52,"minecraft:dirt":267,"minecraft:netherrack":780,"minecraft:oak_leaves":6,"minecraft:dark_oak_leaves":32,"minecraft:dark_oak_log":252,"minecraft:spruce_leaves":163,"minecraft:hay_block":17,"minecraft:spruce_sapling":28,"minecraft:carrots":99,"minecraft:gold_block":4,"minecraft:potatoes":43,"minecraft:cobblestone_slab":1,"minecraft:stone":31,"minecraft:bone_block":107,"minecraft:podzol":2,"minecraft:glass_pane":4,"minecraft:soul_sand":5,"minecraft:dandelion":1,"minecraft:oak_fence":5,"minecraft:crafting_table":1,"minecraft:tall_grass":25,"minecraft:diorite":44,"minecraft:spruce_log":1465,"minecraft:yellow_bed":11,"minecraft:coal_ore":25,"minecraft:gravel":74},"minecraft:crafted":{"minecraft:oak_planks":92,"minecraft:cobblestone_slab":6,"minecraft:stone":2,"minecraft:diamond_shovel":1,"minecraft:hopper":1,"minecraft:diamond_helmet":1,"minecraft:bow":1,"minecraft:diamond_leggings":2,"minecraft:iron_boots":1,"minecraft:chest":15,"minecraft:stone_hoe":2,"minecraft:wooden_shovel":1,"minecraft:arrow":64,"minecraft:emerald":824,"minecraft:diamond_axe":1,"minecraft:crafting_table":1,"minecraft:spruce_planks":7652,"minecraft:wooden_pickaxe":1,"minecraft:iron_helmet":13,"minecraft:chainmail_chestplate":12,"minecraft:fletching_table":1,"minecraft:cartography_table":1,"minecraft:spruce_trapdoor":4,"minecraft:charcoal":6,"minecraft:iron_chestplate":1,"minecraft:paper":255,"minecraft:diamond_pickaxe":2,"minecraft:shield":2,"minecraft:stick":14280,"minecraft:iron_pickaxe":1,"minecraft:iron_ingot":1,"minecraft:stone_sword":1,"minecraft:spruce_fence_gate":1,"minecraft:golden_carrot":36,"minecraft:redstone":96,"minecraft:stone_shovel":1,"minecraft:bone_meal":387,"minecraft:iron_axe":1,"minecraft:diamond_boots":2,"minecraft:spruce_boat":1,"minecraft:dark_oak_planks":1020,"minecraft:chainmail_leggings":12,"minecraft:wheat":711,"minecraft:diamond_sword":1,"minecraft:spruce_sign":6,"minecraft:iron_sword":19,"minecraft:bucket":3,"minecraft:bread":252,"minecraft:air":0,"minecraft:chainmail_boots":12,"minecraft:iron_shovel":2,"minecraft:iron_leggings":7,"minecraft:white_bed":2,"minecraft:torch":40,"minecraft:lapis_lazuli":33,"minecraft:diamond_chestplate":1},"minecraft:killed":{"minecraft:spider":6,"minecraft:skeleton":7,"minecraft:piglin_brute":1,"minecraft:piglin":6,"minecraft:salmon":1,"minecraft:iron_golem":18,"minecraft:pillager":6,"minecraft:zombie":10,"minecraft:endermite":1,"minecraft:vindicator":1,"minecraft:horse":1,"minecraft:drowned":1,"minecraft:ravager":1},"minecraft:dropped":{"minecraft:iron_sword":9,"minecraft:dark_oak_sapling":2,"minecraft:crossbow":2,"minecraft:emerald":54,"minecraft:dirt":42,"minecraft:pumpkin_pie":1,"minecraft:iron_pickaxe":2,"minecraft:birch_log":3,"minecraft:bone":4,"minecraft:gravel":6,"minecraft:emerald_block":16,"minecraft:sugar_cane":1,"minecraft:rotten_flesh":6,"minecraft:salmon":2,"minecraft:carrot":141,"minecraft:chainmail_chestplate":12,"minecraft:poppy":3,"minecraft:chainmail_boots":12,"minecraft:arrow":7,"minecraft:beef":33,"minecraft:stone_brick_stairs":2,"minecraft:netherrack":1,"minecraft:egg":2,"minecraft:bread":1,"minecraft:wheat_seeds":10,"minecraft:iron_helmet":1,"minecraft:cobblestone":3,"minecraft:stick":6,"minecraft:golden_carrot":20,"minecraft:white_banner":2,"minecraft:iron_axe":1,"minecraft:chainmail_leggings":12,"minecraft:string":2,"minecraft:spruce_sapling":2,"minecraft:dandelion":1,"minecraft:stone_sword":1,"minecraft:bowl":4,"minecraft:stone_shovel":10,"minecraft:suspicious_stew":11,"minecraft:diamond_sword":1,"minecraft:diamond_chestplate":1,"minecraft:spruce_planks":8,"minecraft:spider_eye":1,"minecraft:diamond_boots":2},"minecraft:used":{"minecraft:beetroot":1,"minecraft:iron_shovel":268,"minecraft:poppy":1,"minecraft:chest":16,"minecraft:shield":9,"minecraft:iron_sword":188,"minecraft:soul_sand":1,"minecraft:carrot":105,"minecraft:spruce_boat":1,"minecraft:lava_bucket":3,"minecraft:bow":36,"minecraft:hay_block":2,"minecraft:potato":56,"minecraft:dark_oak_sapling":22,"minecraft:diorite":3,"minecraft:diamond_boots":1,"minecraft:blackstone":1,"minecraft:wooden_pickaxe":4,"minecraft:diamond_axe":1320,"minecraft:sugar_cane":89,"minecraft:cookie":1,"minecraft:sand":8,"minecraft:blast_furnace":2,"minecraft:crossbow":7,"minecraft:dark_oak_log":2,"minecraft:bread":164,"minecraft:gravel":66,"minecraft:diamond_sword":317,"minecraft:grindstone":1,"minecraft:smithing_table":1,"minecraft:bone_meal":384,"minecraft:stone_sword":106,"minecraft:stone_shovel":100,"minecraft:spruce_planks":13,"minecraft:wooden_shovel":14,"minecraft:stone_hoe":15,"minecraft:netherrack":540,"minecraft:torch":34,"minecraft:brewing_stand":1,"minecraft:dirt":368,"minecraft:hopper":1,"minecraft:diamond_helmet":1,"minecraft:oak_fence_gate":1,"minecraft:dark_oak_planks":7,"minecraft:iron_axe":487,"minecraft:diamond_chestplate":1,"minecraft:golden_carrot":11,"minecraft:soul_soil":1,"minecraft:wheat_seeds":138,"minecraft:water_bucket":4,"minecraft:cartography_table":1,"minecraft:spruce_sign":20,"minecraft:fletching_table":4,"minecraft:cobblestone_slab":4,"minecraft:polished_blackstone_bricks":1,"minecraft:gilded_blackstone":1,"minecraft:crafting_table":2,"minecraft:white_bed":21,"minecraft:spruce_log":4,"minecraft:diamond_pickaxe":1048,"minecraft:apple":2,"minecraft:diamond_shovel":243,"minecraft:cracked_polished_blackstone_bricks":1,"minecraft:suspicious_stew":1,"minecraft:iron_pickaxe":36,"minecraft:spruce_trapdoor":6,"minecraft:spruce_sapling":270,"minecraft:crimson_fungus":1,"minecraft:cobblestone":14,"minecraft:bucket":8,"minecraft:glass_pane":4,"minecraft:yellow_bed":11,"minecraft:dandelion":1,"minecraft:diamond_leggings":1},"minecraft:broken":{"minecraft:iron_axe":1}},"DataVersion":3465}