{"stats":{"minecraft:picked_up":{"minecraft:crafting_table":1,"minecraft:wheat":47,"minecraft:gold_block":2,"minecraft:stone_brick_stairs":2,"minecraft:string":3,"minecraft:soul_soil":1,"minecraft:beetroot":1,"minecraft:spruce_planks":4,"minecraft:poppy":8,"minecraft:sugar_cane":5,"minecraft:spruce_trapdoor":1,"minecraft:dark_oak_sapling":33,"minecraft:stick":48,"minecraft:torch":2,"minecraft:porkchop":9,"minecraft:carrot":161,"minecraft:rotten_flesh":9,"minecraft:arrow":6,"minecraft:stone_shovel":10,"minecraft:beetroot_seeds":4,"minecraft:hay_block":17,"minecraft:bone_block":107,"minecraft:cobblestone":7,"minecraft:birch_log":3,"minecraft:potato":103,"minecraft:flint":1,"minecraft:oak_log":23,"minecraft:yellow_bed":11,"minecraft:dirt":345,"minecraft:bone":3,"minecraft:apple":4,"minecraft:bow":1,"minecraft:wheat_seeds":189,"minecraft:iron_ingot":66,"minecraft:fletching_table":3,"minecraft:soul_sand":1,"minecraft:dandelion":2,"minecraft:poisonous_potato":1,"minecraft:gravel":72,"minecraft:sand":52,"minecraft:ink_sac":1,"minecraft:spruce_sapling":44,"minecraft:spruce_log":88,"minecraft:blast_furnace":1,"minecraft:white_bed":3,"minecraft:spider_eye":1,"minecraft:dark_oak_log":257,"minecraft:diamond":5,"minecraft:emerald":61,"minecraft:oak_sapling":3,"minecraft:netherrack":2,"minecraft:coal":25},"minecraft:custom":{"minecraft:mob_kills":33,"minecraft:interact_with_crafting_table":34,"minecraft:bell_ring":1,"minecraft:leave_game":2,"minecraft:time_since_death":214042,"minecraft:climb_one_cm":418,"minecraft:sprint_one_cm":351103,"minecraft:walk_one_cm":153875,"minecraft:damage_blocked_by_shield":80,"minecraft:drop":79,"minecraft:talked_to_villager":102,"minecraft:play_time":214042,"minecraft:sneak_time":15430,"minecraft:walk_under_water_one_cm":2163,"minecraft:jump":2671,"minecraft:walk_on_water_one_cm":8728,"minecraft:total_world_time":214042,"minecraft:traded_with_villager":152,"minecraft:interact_with_grindstone":1,"minecraft:sleep_in_bed":7,"minecraft:time_since_rest":20334,"minecraft:damage_taken":1852,"minecraft:damage_dealt":19571,"minecraft:swim_one_cm":16304,"minecraft:fly_one_cm":463315,"minecraft:open_chest":109,"minecraft:crouch_one_cm":43724,"minecraft:fall_one_cm":66829},"minecraft:mined":{"minecraft:spruce_planks":4,"minecraft:white_bed":3,"minecraft:dark_oak_leaves":32,"minecraft:dark_oak_log":252,"minecraft:spruce_trapdoor":1,"minecraft:grass_block":138,"minecraft:soul_soil":1,"minecraft:hay_block":17,"minecraft:spruce_sapling":2,"minecraft:carrots":61,"minecraft:fletching_table":3,"minecraft:gold_block":2,"minecraft:potatoes":43,"minecraft:dirt_path":2,"minecraft:stone":7,"minecraft:bone_block":107,"minecraft:podzol":2,"minecraft:soul_sand":1,"minecraft:crimson_nylium":1,"minecraft:soul_fire":23,"minecraft:crafting_table":1,"minecraft:torch":1,"minecraft:blast_furnace":1,"minecraft:tall_grass":8,"minecraft:sugar_cane":2,"minecraft:wall_torch":1,"minecraft:wheat":92,"minecraft:spruce_log":94,"minecraft:yellow_bed":11,"minecraft:stone_brick_stairs":2,"minecraft:grass":87,"minecraft:coal_ore":25,"minecraft:oak_log":23,"minecraft:beetroots":1,"minecraft:dark_oak_sapling":4,"minecraft:gravel":68,"minecraft:sand":52,"minecraft:dirt":146,"minecraft:netherrack":1,"minecraft:oak_leaves":6},"minecraft:crafted":{"minecraft:oak_planks":92,"minecraft:stone_shovel":1,"minecraft:iron_boots":1,"minecraft:diamond_leggings":1,"minecraft:iron_axe":1,"minecraft:chest":4,"minecraft:diamond_boots":1,"minecraft:dark_oak_planks":1020,"minecraft:stone_hoe":1,"minecraft:chainmail_leggings":12,"minecraft:wheat":711,"minecraft:wooden_shovel":1,"minecraft:diamond_sword":1,"minecraft:emerald":95,"minecraft:crafting_table":1,"minecraft:spruce_planks":380,"minecraft:iron_helmet":13,"minecraft:wooden_pickaxe":1,"minecraft:iron_sword":1,"minecraft:chainmail_chestplate":12,"minecraft:fletching_table":1,"minecraft:air":0,"minecraft:bread":252,"minecraft:iron_chestplate":1,"minecraft:diamond_pickaxe":1,"minecraft:shield":1,"minecraft:iron_pickaxe":1,"minecraft:stick":3004,"minecraft:iron_ingot":1,"minecraft:chainmail_boots":12,"minecraft:stone_sword":1,"minecraft:iron_shovel":2,"minecraft:iron_leggings":7,"minecraft:white_bed":2,"minecraft:torch":16,"minecraft:diamond_chestplate":1},"minecraft:killed":{"minecraft:spider":4,"minecraft:skeleton":3,"minecraft:drowned":1,"minecraft:piglin":1,"minecraft:iron_golem":17,"minecraft:zombie":7},"minecraft:dropped":{"minecraft:bread":1,"minecraft:wheat_seeds":2,"minecraft:dark_oak_sapling":2,"minecraft:dirt":42,"minecraft:chainmail_leggings":12,"minecraft:string":2,"minecraft:birch_log":3,"minecraft:dandelion":1,"minecraft:bone":1,"minecraft:gravel":6,"minecraft:stone_sword":1,"minecraft:stone_shovel":10,"minecraft:rotten_flesh":6,"minecraft:chainmail_chestplate":12,"minecraft:poppy":3,"minecraft:chainmail_boots":12,"minecraft:spider_eye":1,"minecraft:arrow":4,"minecraft:stone_brick_stairs":2,"minecraft:netherrack":1},"minecraft:used":{"minecraft:beetroot":1,"minecraft:stone_sword":106,"minecraft:iron_shovel":264,"minecraft:stone_shovel":100,"minecraft:poppy":1,"minecraft:spruce_planks":1,"minecraft:chest":4,"minecraft:shield":3,"minecraft:iron_sword":129,"minecraft:wooden_shovel":14,"minecraft:stone_hoe":4,"minecraft:netherrack":1,"minecraft:torch":13,"minecraft:soul_sand":1,"minecraft:dirt":264,"minecraft:carrot":67,"minecraft:dark_oak_planks":6,"minecraft:iron_axe":378,"minecraft:hay_block":2,"minecraft:soul_soil":1,"minecraft:potato":56,"minecraft:dark_oak_sapling":22,"minecraft:wheat_seeds":77,"minecraft:wooden_pickaxe":4,"minecraft:fletching_table":4,"minecraft:sugar_cane":5,"minecraft:sand":8,"minecraft:crafting_table":2,"minecraft:blast_furnace":1,"minecraft:white_bed":6,"minecraft:spruce_log":1,"minecraft:diamond_pickaxe":129,"minecraft:apple":1,"minecraft:dark_oak_log":2,"minecraft:bread":50,"minecraft:iron_pickaxe":36,"minecraft:spruce_trapdoor":1,"minecraft:spruce_sapling":43,"minecraft:gravel":66,"minecraft:diamond_sword":51,"minecraft:grindstone":1,"minecraft:yellow_bed":11,"minecraft:dandelion":1}},"DataVersion":3465}