{"stats":{"minecraft:picked_up":{"minecraft:iron_chestplate":11,"minecraft:suspicious_stew":5,"minecraft:shield":1,"minecraft:string":3,"minecraft:soul_soil":11,"minecraft:iron_axe":1,"minecraft:iron_leggings":7,"minecraft:iron_shovel":1,"minecraft:gold_nugget":22,"minecraft:spruce_planks":9,"minecraft:poppy":7,"minecraft:iron_pickaxe":1,"minecraft:sugar_cane":197,"minecraft:iron_boots":9,"minecraft:egg":2,"minecraft:dark_oak_sapling":9,"minecraft:stick":613,"minecraft:composter":5,"minecraft:torch":2,"minecraft:dark_oak_planks":3,"minecraft:stone_shovel":12,"minecraft:arrow":126,"minecraft:rotten_flesh":2,"minecraft:diamond_chestplate":4,"minecraft:pumpkin_pie":27,"minecraft:diamond_boots":4,"minecraft:bone_block":68,"minecraft:cobblestone":121,"minecraft:basalt":1,"minecraft:golden_carrot":75,"minecraft:salmon":16,"minecraft:golden_leggings":7,"minecraft:flint":7,"minecraft:paper":497,"minecraft:dirt":35,"minecraft:bone":6,"minecraft:apple":64,"minecraft:kelp":10,"minecraft:bow":10,"minecraft:wheat_seeds":6,"minecraft:iron_ingot":23,"minecraft:diamond_helmet":1,"minecraft:fletching_table":4,"minecraft:iron_sword":10,"minecraft:cooked_porkchop":1,"minecraft:quartz":3,"minecraft:dandelion":1,"minecraft:gravel":53,"minecraft:spruce_sapling":264,"minecraft:white_bed":2,"minecraft:spruce_log":2465,"minecraft:dark_oak_fence_gate":1,"minecraft:dark_oak_log":37,"minecraft:spider_eye":2,"minecraft:diamond":10,"minecraft:iron_helmet":16,"minecraft:crossbow":25,"minecraft:diamond_axe":1,"minecraft:bone_meal":1,"minecraft:bread":156,"minecraft:emerald":3,"minecraft:netherrack":342,"minecraft:crimson_roots":6,"minecraft:diamond_pickaxe":1},"minecraft:killed_by":{"minecraft:player":16},"minecraft:custom":{"minecraft:interact_with_smithing_table":2,"minecraft:mob_kills":44,"minecraft:interact_with_crafting_table":25,"minecraft:leave_game":13,"minecraft:time_since_death":8717,"minecraft:climb_one_cm":427,"minecraft:sprint_one_cm":657733,"minecraft:walk_one_cm":222419,"minecraft:damage_blocked_by_shield":940,"minecraft:drop":146,"minecraft:talked_to_villager":256,"minecraft:play_time":213065,"minecraft:sneak_time":36734,"minecraft:deaths":16,"minecraft:walk_under_water_one_cm":11367,"minecraft:jump":4651,"minecraft:walk_on_water_one_cm":17054,"minecraft:enchant_item":7,"minecraft:total_world_time":213065,"minecraft:interact_with_furnace":20,"minecraft:traded_with_villager":875,"minecraft:interact_with_grindstone":7,"minecraft:sleep_in_bed":21,"minecraft:time_since_rest":8761,"minecraft:damage_taken":7919,"minecraft:damage_dealt":14582,"minecraft:player_kills":11,"minecraft:swim_one_cm":158887,"minecraft:fly_one_cm":783065,"minecraft:open_chest":276,"minecraft:crouch_one_cm":105005,"minecraft:fall_one_cm":106481},"minecraft:mined":{"minecraft:dark_oak_planks":3,"minecraft:nether_gold_ore":5,"minecraft:spruce_planks":9,"minecraft:white_bed":2,"minecraft:dark_oak_log":41,"minecraft:grass_block":2,"minecraft:crimson_roots":2,"minecraft:soul_soil":11,"minecraft:spruce_leaves":24,"minecraft:composter":5,"minecraft:spruce_sapling":11,"minecraft:fire":6,"minecraft:dark_oak_fence_gate":1,"minecraft:fletching_table":4,"minecraft:bone_block":68,"minecraft:crimson_nylium":25,"minecraft:basalt":1,"minecraft:cornflower":1,"minecraft:torch":1,"minecraft:poppy":1,"minecraft:nether_quartz_ore":3,"minecraft:tall_grass":1,"minecraft:sugar_cane":114,"minecraft:wall_torch":1,"minecraft:seagrass":2,"minecraft:spruce_log":2485,"minecraft:birch_leaves":3,"minecraft:grass":29,"minecraft:dark_oak_sapling":2,"minecraft:gravel":71,"minecraft:dirt":6,"minecraft:netherrack":323},"minecraft:crafted":{"minecraft:golden_carrot":108,"minecraft:cookie":108,"minecraft:stone_shovel":22,"minecraft:bone_meal":141,"minecraft:suspicious_stew":7,"minecraft:diamond_helmet":2,"minecraft:bow":2,"minecraft:diamond_leggings":2,"minecraft:iron_boots":1,"minecraft:iron_axe":2,"minecraft:spruce_wood":183,"minecraft:spruce_slab":18,"minecraft:ender_pearl":12,"minecraft:diamond_boots":2,"minecraft:dark_oak_planks":144,"minecraft:stone_hoe":13,"minecraft:cooked_beef":62,"minecraft:crossbow":2,"minecraft:diamond_sword":1,"minecraft:arrow":128,"minecraft:emerald":988,"minecraft:cooked_porkchop":49,"minecraft:diamond_axe":1,"minecraft:spruce_planks":10076,"minecraft:iron_helmet":5,"minecraft:bell":3,"minecraft:smithing_table":1,"minecraft:fletching_table":3,"minecraft:bucket":1,"minecraft:stone_axe":1,"minecraft:bread":96,"minecraft:air":0,"minecraft:apple":64,"minecraft:iron_chestplate":1,"minecraft:diamond_pickaxe":2,"minecraft:emerald_block":9,"minecraft:shield":1,"minecraft:stick":21452,"minecraft:chainmail_boots":12,"minecraft:iron_ingot":1,"minecraft:iron_pickaxe":8,"minecraft:iron_shovel":1,"minecraft:iron_leggings":1,"minecraft:pumpkin_pie":4,"minecraft:composter":1,"minecraft:lapis_lazuli":9,"minecraft:diamond_chestplate":2},"minecraft:killed":{"minecraft:spider":4,"minecraft:skeleton":9,"minecraft:piglin":5,"minecraft:salmon":16,"minecraft:iron_golem":7,"minecraft:zombie":3},"minecraft:used":{"minecraft:moss_block":1,"minecraft:iron_shovel":86,"minecraft:poppy":2,"minecraft:bone_block":3,"minecraft:spruce_planks":18,"minecraft:shield":19,"minecraft:iron_sword":50,"minecraft:netherrack":107,"minecraft:iron_chestplate":9,"minecraft:torch":2,"minecraft:dirt":2,"minecraft:diamond_helmet":3,"minecraft:lava_bucket":6,"minecraft:iron_axe":450,"minecraft:iron_helmet":1,"minecraft:iron_boots":7,"minecraft:basalt":1,"minecraft:diamond_chestplate":5,"minecraft:golden_carrot":20,"minecraft:bow":12,"minecraft:soul_soil":11,"minecraft:egg":2,"minecraft:cooked_beef":2,"minecraft:water_bucket":4,"minecraft:diamond_boots":4,"minecraft:ender_pearl":2,"minecraft:composter":6,"minecraft:sugar_cane":6,"minecraft:diamond_axe":2141,"minecraft:fletching_table":7,"minecraft:crossbow":34,"minecraft:white_bed":2,"minecraft:dark_oak_fence_gate":1,"minecraft:spruce_log":2,"minecraft:diamond_pickaxe":429,"minecraft:apple":4,"minecraft:bread":3,"minecraft:iron_pickaxe":5,"minecraft:suspicious_stew":3,"minecraft:leather_helmet":1,"minecraft:gravel":34,"minecraft:spruce_sapling":94,"minecraft:golden_leggings":6,"minecraft:stone_axe":88,"minecraft:diamond_sword":68,"minecraft:cobblestone":8,"minecraft:smithing_table":1,"minecraft:cooked_porkchop":29,"minecraft:bucket":11,"minecraft:pumpkin_pie":1,"minecraft:air":1,"minecraft:bone_meal":158},"minecraft:dropped":{"minecraft:stone_hoe":13,"minecraft:iron_sword":1,"minecraft:wheat_seeds":2,"minecraft:cooked_beef":62,"minecraft:dark_oak_sapling":3,"minecraft:cooked_porkchop":1,"minecraft:poisonous_potato":1,"minecraft:iron_helmet":17,"minecraft:cobblestone":41,"minecraft:flint":1,"minecraft:emerald":63,"minecraft:stick":193,"minecraft:lava_bucket":1,"minecraft:dirt":25,"minecraft:dark_oak_log":1,"minecraft:crimson_roots":6,"minecraft:iron_leggings":7,"minecraft:gold_nugget":22,"minecraft:bone_block":17,"minecraft:iron_pickaxe":1,"minecraft:paper":125,"minecraft:dark_oak_planks":3,"minecraft:spruce_sapling":14,"minecraft:bone":4,"minecraft:gravel":23,"minecraft:stone_axe":1,"minecraft:sugar_cane":31,"minecraft:bowl":2,"minecraft:stone_shovel":34,"minecraft:iron_boots":2,"minecraft:salmon":2,"minecraft:suspicious_stew":9,"minecraft:poppy":3,"minecraft:spruce_planks":1,"minecraft:iron_chestplate":2,"minecraft:chainmail_boots":12,"minecraft:spruce_log":64,"minecraft:bell":3,"minecraft:quartz":3},"minecraft:broken":{"minecraft:diamond_helmet":1,"minecraft:iron_axe":3,"minecraft:crossbow":1}},"DataVersion":3465}