{"stats":{"minecraft:picked_up":{"minecraft:iron_chestplate":2,"minecraft:basalt":1,"minecraft:salmon":16,"minecraft:flint":7,"minecraft:string":3,"minecraft:soul_soil":11,"minecraft:iron_leggings":7,"minecraft:bone":6,"minecraft:wheat_seeds":6,"minecraft:gold_nugget":22,"minecraft:spruce_planks":9,"minecraft:iron_ingot":23,"minecraft:poppy":7,"minecraft:fletching_table":4,"minecraft:sugar_cane":196,"minecraft:iron_boots":2,"minecraft:egg":1,"minecraft:dark_oak_sapling":9,"minecraft:stick":131,"minecraft:cooked_porkchop":1,"minecraft:quartz":3,"minecraft:gravel":53,"minecraft:spruce_sapling":127,"minecraft:white_bed":2,"minecraft:spruce_log":1387,"minecraft:dark_oak_log":37,"minecraft:spider_eye":2,"minecraft:dark_oak_planks":3,"minecraft:arrow":11,"minecraft:rotten_flesh":2,"minecraft:diamond":10,"minecraft:iron_helmet":16,"minecraft:diamond_axe":1,"minecraft:bone_meal":1,"minecraft:netherrack":342,"minecraft:bone_block":68,"minecraft:crimson_roots":6},"minecraft:mined":{"minecraft:dark_oak_planks":3,"minecraft:nether_gold_ore":5,"minecraft:spruce_planks":9,"minecraft:white_bed":2,"minecraft:crimson_nylium":25,"minecraft:basalt":1,"minecraft:dark_oak_log":41,"minecraft:cornflower":1,"minecraft:poppy":1,"minecraft:grass_block":1,"minecraft:crimson_roots":2,"minecraft:nether_quartz_ore":3,"minecraft:soul_soil":11,"minecraft:tall_grass":1,"minecraft:spruce_leaves":9,"minecraft:sugar_cane":113,"minecraft:seagrass":2,"minecraft:spruce_sapling":1,"minecraft:fire":6,"minecraft:spruce_log":1387,"minecraft:fletching_table":4,"minecraft:grass":21,"minecraft:dark_oak_sapling":2,"minecraft:gravel":71,"minecraft:dirt":1,"minecraft:netherrack":323,"minecraft:bone_block":68},"minecraft:custom":{"minecraft:interact_with_smithing_table":1,"minecraft:interact_with_furnace":18,"minecraft:mob_kills":44,"minecraft:traded_with_villager":402,"minecraft:interact_with_crafting_table":22,"minecraft:interact_with_grindstone":3,"minecraft:leave_game":3,"minecraft:time_since_death":119396,"minecraft:sleep_in_bed":13,"minecraft:climb_one_cm":427,"minecraft:time_since_rest":5333,"minecraft:sprint_one_cm":343200,"minecraft:damage_taken":1716,"minecraft:walk_one_cm":111723,"minecraft:damage_blocked_by_shield":590,"minecraft:drop":88,"minecraft:damage_dealt":11670,"minecraft:swim_one_cm":20959,"minecraft:talked_to_villager":109,"minecraft:fly_one_cm":422266,"minecraft:open_chest":96,"minecraft:crouch_one_cm":57750,"minecraft:play_time":119396,"minecraft:sneak_time":23022,"minecraft:walk_under_water_one_cm":9477,"minecraft:jump":2684,"minecraft:walk_on_water_one_cm":8685,"minecraft:enchant_item":4,"minecraft:total_world_time":119396,"minecraft:fall_one_cm":69931},"minecraft:crafted":{"minecraft:cooked_beef":62,"minecraft:stone_shovel":10,"minecraft:diamond_sword":1,"minecraft:emerald":352,"minecraft:cooked_porkchop":49,"minecraft:diamond_axe":1,"minecraft:spruce_planks":5604,"minecraft:iron_helmet":5,"minecraft:smithing_table":1,"minecraft:fletching_table":3,"minecraft:bucket":1,"minecraft:bone_meal":66,"minecraft:stone_axe":1,"minecraft:air":0,"minecraft:diamond_helmet":1,"minecraft:iron_boots":1,"minecraft:diamond_leggings":1,"minecraft:iron_chestplate":1,"minecraft:diamond_pickaxe":1,"minecraft:shield":1,"minecraft:iron_axe":2,"minecraft:chainmail_boots":12,"minecraft:stick":11448,"minecraft:iron_ingot":1,"minecraft:iron_pickaxe":8,"minecraft:iron_shovel":1,"minecraft:diamond_boots":1,"minecraft:iron_leggings":1,"minecraft:dark_oak_planks":144,"minecraft:stone_hoe":13,"minecraft:diamond_chestplate":1},"minecraft:killed":{"minecraft:piglin":5,"minecraft:salmon":16,"minecraft:spider":4,"minecraft:iron_golem":7,"minecraft:skeleton":9,"minecraft:zombie":3},"minecraft:used":{"minecraft:water_bucket":4,"minecraft:iron_shovel":83,"minecraft:bone_block":3,"minecraft:poppy":2,"minecraft:spruce_planks":18,"minecraft:shield":15,"minecraft:sugar_cane":5,"minecraft:diamond_axe":1025,"minecraft:fletching_table":7,"minecraft:netherrack":107,"minecraft:diamond_helmet":1,"minecraft:white_bed":2,"minecraft:spruce_log":1,"minecraft:diamond_pickaxe":429,"minecraft:lava_bucket":6,"minecraft:iron_axe":450,"minecraft:iron_pickaxe":5,"minecraft:iron_helmet":1,"minecraft:spruce_sapling":64,"minecraft:gravel":34,"minecraft:stone_axe":88,"minecraft:basalt":1,"minecraft:diamond_sword":22,"minecraft:soul_soil":11,"minecraft:cooked_porkchop":29,"minecraft:smithing_table":1,"minecraft:bucket":11,"minecraft:egg":1,"minecraft:cooked_beef":2,"minecraft:bone_meal":47},"minecraft:dropped":{"minecraft:gravel":23,"minecraft:stone_axe":1,"minecraft:sugar_cane":31,"minecraft:wheat_seeds":2,"minecraft:cooked_beef":62,"minecraft:dark_oak_sapling":3,"minecraft:cooked_porkchop":1,"minecraft:stone_shovel":10,"minecraft:iron_helmet":17,"minecraft:iron_boots":2,"minecraft:emerald":61,"minecraft:flint":1,"minecraft:poppy":3,"minecraft:dark_oak_log":1,"minecraft:iron_chestplate":2,"minecraft:crimson_roots":6,"minecraft:chainmail_boots":12,"minecraft:iron_leggings":7,"minecraft:gold_nugget":22,"minecraft:bone_block":17,"minecraft:dark_oak_planks":3,"minecraft:quartz":3,"minecraft:bone":4,"minecraft:spruce_sapling":1,"minecraft:stone_hoe":13},"minecraft:broken":{"minecraft:iron_axe":3}},"DataVersion":3465}