{"stats":{"minecraft:mined":{"minecraft:dark_oak_planks":3,"minecraft:nether_gold_ore":5,"minecraft:spruce_planks":9,"minecraft:white_bed":2,"minecraft:dark_oak_log":41,"minecraft:grass_block":1,"minecraft:crimson_roots":2,"minecraft:soul_soil":11,"minecraft:spruce_leaves":24,"minecraft:composter":5,"minecraft:spruce_sapling":11,"minecraft:fire":6,"minecraft:dark_oak_fence_gate":1,"minecraft:fletching_table":4,"minecraft:bone_block":68,"minecraft:crimson_nylium":25,"minecraft:basalt":1,"minecraft:cornflower":1,"minecraft:poppy":1,"minecraft:nether_quartz_ore":3,"minecraft:tall_grass":1,"minecraft:sugar_cane":113,"minecraft:wall_torch":1,"minecraft:seagrass":2,"minecraft:spruce_log":2485,"minecraft:grass":24,"minecraft:dark_oak_sapling":2,"minecraft:gravel":71,"minecraft:dirt":1,"minecraft:netherrack":323},"minecraft:killed":{"minecraft:spider":4,"minecraft:skeleton":9,"minecraft:piglin":5,"minecraft:salmon":16,"minecraft:iron_golem":7,"minecraft:zombie":3},"minecraft:dropped":{"minecraft:stone_hoe":13,"minecraft:wheat_seeds":2,"minecraft:cooked_beef":62,"minecraft:dark_oak_sapling":3,"minecraft:cooked_porkchop":1,"minecraft:poisonous_potato":1,"minecraft:iron_helmet":17,"minecraft:cobblestone":1,"minecraft:flint":1,"minecraft:emerald":61,"minecraft:stick":1,"minecraft:lava_bucket":1,"minecraft:dark_oak_log":1,"minecraft:crimson_roots":6,"minecraft:iron_leggings":7,"minecraft:gold_nugget":22,"minecraft:bone_block":17,"minecraft:iron_pickaxe":1,"minecraft:dark_oak_planks":3,"minecraft:spruce_sapling":14,"minecraft:bone":4,"minecraft:gravel":23,"minecraft:stone_axe":1,"minecraft:sugar_cane":31,"minecraft:bowl":2,"minecraft:stone_shovel":34,"minecraft:iron_boots":2,"minecraft:salmon":2,"minecraft:suspicious_stew":9,"minecraft:poppy":3,"minecraft:spruce_planks":1,"minecraft:iron_chestplate":2,"minecraft:chainmail_boots":12,"minecraft:spruce_log":64,"minecraft:bell":3,"minecraft:quartz":3},"minecraft:crafted":{"minecraft:golden_carrot":108,"minecraft:cookie":108,"minecraft:stone_shovel":22,"minecraft:bone_meal":141,"minecraft:suspicious_stew":7,"minecraft:diamond_helmet":2,"minecraft:bow":1,"minecraft:diamond_leggings":2,"minecraft:iron_boots":1,"minecraft:iron_axe":2,"minecraft:spruce_wood":183,"minecraft:spruce_slab":18,"minecraft:ender_pearl":12,"minecraft:diamond_boots":2,"minecraft:dark_oak_planks":144,"minecraft:stone_hoe":13,"minecraft:cooked_beef":62,"minecraft:diamond_sword":1,"minecraft:arrow":64,"minecraft:emerald":967,"minecraft:cooked_porkchop":49,"minecraft:diamond_axe":1,"minecraft:spruce_planks":10076,"minecraft:iron_helmet":5,"minecraft:bell":3,"minecraft:smithing_table":1,"minecraft:fletching_table":3,"minecraft:bucket":1,"minecraft:stone_axe":1,"minecraft:bread":96,"minecraft:air":0,"minecraft:apple":64,"minecraft:iron_chestplate":1,"minecraft:diamond_pickaxe":2,"minecraft:emerald_block":9,"minecraft:shield":1,"minecraft:stick":21396,"minecraft:iron_ingot":1,"minecraft:chainmail_boots":12,"minecraft:iron_pickaxe":8,"minecraft:iron_shovel":1,"minecraft:iron_leggings":1,"minecraft:pumpkin_pie":4,"minecraft:composter":1,"minecraft:lapis_lazuli":9,"minecraft:diamond_chestplate":2},"minecraft:picked_up":{"minecraft:iron_chestplate":2,"minecraft:suspicious_stew":5,"minecraft:shield":1,"minecraft:string":3,"minecraft:soul_soil":11,"minecraft:iron_leggings":7,"minecraft:gold_nugget":22,"minecraft:spruce_planks":9,"minecraft:poppy":7,"minecraft:iron_pickaxe":1,"minecraft:sugar_cane":196,"minecraft:iron_boots":2,"minecraft:egg":1,"minecraft:dark_oak_sapling":9,"minecraft:stick":164,"minecraft:composter":5,"minecraft:torch":1,"minecraft:dark_oak_planks":3,"minecraft:stone_shovel":12,"minecraft:arrow":11,"minecraft:rotten_flesh":2,"minecraft:bone_block":68,"minecraft:cobblestone":1,"minecraft:basalt":1,"minecraft:salmon":16,"minecraft:flint":7,"minecraft:bone":6,"minecraft:wheat_seeds":6,"minecraft:iron_ingot":23,"minecraft:fletching_table":4,"minecraft:cooked_porkchop":1,"minecraft:quartz":3,"minecraft:gravel":53,"minecraft:spruce_sapling":200,"minecraft:white_bed":2,"minecraft:spruce_log":2465,"minecraft:dark_oak_fence_gate":1,"minecraft:dark_oak_log":37,"minecraft:spider_eye":2,"minecraft:diamond":10,"minecraft:iron_helmet":16,"minecraft:diamond_axe":1,"minecraft:bone_meal":1,"minecraft:netherrack":342,"minecraft:crimson_roots":6},"minecraft:used":{"minecraft:iron_shovel":83,"minecraft:poppy":2,"minecraft:bone_block":3,"minecraft:spruce_planks":18,"minecraft:shield":19,"minecraft:netherrack":107,"minecraft:torch":1,"minecraft:diamond_helmet":2,"minecraft:lava_bucket":6,"minecraft:iron_axe":450,"minecraft:iron_helmet":1,"minecraft:diamond_chestplate":1,"minecraft:basalt":1,"minecraft:golden_carrot":10,"minecraft:bow":1,"minecraft:soul_soil":11,"minecraft:egg":1,"minecraft:cooked_beef":2,"minecraft:water_bucket":4,"minecraft:diamond_boots":1,"minecraft:ender_pearl":2,"minecraft:composter":6,"minecraft:sugar_cane":5,"minecraft:diamond_axe":2141,"minecraft:fletching_table":7,"minecraft:white_bed":2,"minecraft:dark_oak_fence_gate":1,"minecraft:spruce_log":2,"minecraft:diamond_pickaxe":429,"minecraft:bread":3,"minecraft:iron_pickaxe":5,"minecraft:suspicious_stew":3,"minecraft:spruce_sapling":94,"minecraft:gravel":34,"minecraft:stone_axe":88,"minecraft:diamond_sword":68,"minecraft:smithing_table":1,"minecraft:cooked_porkchop":29,"minecraft:bucket":11,"minecraft:bone_meal":158},"minecraft:custom":{"minecraft:interact_with_smithing_table":2,"minecraft:mob_kills":44,"minecraft:interact_with_crafting_table":25,"minecraft:leave_game":8,"minecraft:time_since_death":178908,"minecraft:climb_one_cm":427,"minecraft:sprint_one_cm":510286,"minecraft:walk_one_cm":181319,"minecraft:damage_blocked_by_shield":940,"minecraft:drop":137,"minecraft:talked_to_villager":246,"minecraft:play_time":179310,"minecraft:sneak_time":35473,"minecraft:walk_under_water_one_cm":9572,"minecraft:jump":3574,"minecraft:walk_on_water_one_cm":11557,"minecraft:enchant_item":7,"minecraft:total_world_time":179310,"minecraft:interact_with_furnace":20,"minecraft:traded_with_villager":847,"minecraft:interact_with_grindstone":7,"minecraft:sleep_in_bed":20,"minecraft:time_since_rest":2866,"minecraft:damage_taken":2551,"minecraft:damage_dealt":12438,"minecraft:swim_one_cm":24602,"minecraft:fly_one_cm":546545,"minecraft:open_chest":192,"minecraft:crouch_one_cm":99110,"minecraft:fall_one_cm":80187},"minecraft:broken":{"minecraft:iron_axe":3}},"DataVersion":3465}